{
    "blood": {
        "vein": 8.475575005805617,
        "flow": 6.314615714369531,
        "mauprats": 6.276081112950542,
        "track": 6.1375612488691145,
        "ardor": 6.001906149511549,
        "current": 5.687395526186669,
        "flowed": 5.672598524258588,
        "flesh": 5.63933607012684,
        "drop": 5.367361619939831,
        "blood": 4.251134755820312,
        "wound": 4.169850786825619,
        "brain": 3.707992430793782,
        "relation": 3.661077849280906,
        "frame": 3.2972044045162963,
        "stair": 3.083960365394034,
        "heart": 1.9249261521368093,
        "sense": 1.6813659287484282,
        "life": 1.2867961386361626,
        "hand": 1.2621688060952876,
        "part": 1.0144453451718938
    }
}