{
    "brother": {
        "nepomucene": 8.109922053450823,
        "jonah": 6.162389473344958,
        "suckling": 6.010386379899909,
        "solomon": 5.808752518730258,
        "waule": 5.411748942281676,
        "law": 5.216044785476555,
        "montagu": 4.7364636579233785,
        "kinsman": 4.378118164400396,
        "younger": 4.230776448325209,
        "sister": 4.155313956264838,
        "owen": 4.046912255925022,
        "affectionate": 4.046912255925022,
        "robert": 3.848498697523014,
        "peter": 3.8429296340483456,
        "ambrose": 3.831744161356487,
        "officer": 3.682699015723861,
        "idris": 3.656749425285208,
        "gardiner": 3.5249595527296664,
        "william": 3.244851633536931,
        "wickham": 3.0543297274875054,
        "lennox": 2.965992260541455,
        "brother": 2.9261094693684164,
        "darcy": 2.7948803441487002,
        "dashwood": 2.582780207118009,
        "bingley": 2.4374967114793273,
        "henry": 2.425423879178752,
        "john": 2.311334535883059,
        "bennet": 2.270538277200581,
        "intelligence": 2.261925146895873,
        "bulstrode": 2.169923146030366,
        "baron": 2.0580528135302227,
        "adrian": 2.0239754446478635,
        "duke": 1.9468834375937503,
        "friend": 1.9012018018377954,
        "learned": 1.8444744409642195,
        "aubert": 1.8340636072594454,
        "late": 1.790056425020353,
        "loved": 1.6661891211715134,
        "hear": 1.6598891328157752,
        "amanda": 1.540337653888582,
        "yes": 1.540194066424827,
        "father": 1.5364139722980288,
        "st": 1.5362748659575007,
        "aunt": 1.527538096831443,
        "edric": 1.4843175682323209,
        "elinor": 1.478485122930166,
        "whose": 1.455436448245192,
        "letter": 1.3858955149921146,
        "miss": 1.3767763304414207,
        "edmund": 1.3148874030290867,
        "fanny": 1.280652354964778,
        "always": 1.273420785733702,
        "catherine": 1.2133734020637634,
        "see": 1.1445257725672833,
        "house": 1.1372984923821279,
        "met": 1.1287217605795634,
        "mr": 1.1242062794570704,
        "crawford": 1.0538650165667893,
        "marianne": 1.0285337266101677,
        "fred": 1.0217016931277425,
        "oh": 1.0155480850156873
    }
}