{
    "father": {
        "murphy": 6.873877502706967,
        "gallaghan": 6.813335960771917,
        "morris": 6.813335960771917,
        "denis": 6.550301554938122,
        "reverend": 5.517880077245745,
        "och": 5.07637036660571,
        "abelard": 4.375930648464618,
        "oswald": 4.171789931684393,
        "safie": 4.169479770997192,
        "maybe": 4.005981038714313,
        "confessor": 3.925810690030329,
        "devonshire": 3.8873365422156936,
        "pauline": 3.368551118099021,
        "rosabella": 3.2762019851413755,
        "geneva": 3.085415506208717,
        "ambrose": 3.0232590301461477,
        "holy": 2.987365360546965,
        "mother": 2.790452070098578,
        "entreated": 2.5320498503819002,
        "lizzy": 2.520554211544071,
        "hindley": 2.4914078658845544,
        "eh": 2.4914078658845544,
        "monastery": 2.4914078658845544,
        "library": 2.4675611239301865,
        "cruelty": 2.4675611239301865,
        "duke": 2.4279049235783963,
        "louis": 2.4210185379931564,
        "clara": 2.417750824159245,
        "son": 2.3986871709231186,
        "higgins": 2.300266378532546,
        "unfortunate": 2.294607158450847,
        "death": 2.2739142439609457,
        "unhappy": 2.2703041405166786,
        "loss": 2.2625891753886735,
        "ye": 2.2448615828393295,
        "beloved": 2.2444931254140372,
        "swear": 2.2283734600507605,
        "elvira": 2.212431916181739,
        "died": 2.195684841344586,
        "darling": 2.179129941030911,
        "edric": 2.166972915386617,
        "cried": 2.1503709480494875,
        "greystock": 2.122174056218835,
        "remains": 2.119849003272591,
        "exist": 2.0990904431057937,
        "margaret": 2.0938881278637402,
        "law": 2.0913452105732473,
        "dear": 2.0901940426173975,
        "edmund": 2.0854155062087174,
        "dying": 2.0829430205291968,
        "montagu": 2.079981620158089,
        "prince": 2.040746456874989,
        "consent": 2.034362840084135,
        "kill": 2.0267395988811097,
        "favourite": 2.0248400659656283,
        "cheops": 2.016322982935771,
        "bessy": 1.995712703260485,
        "memory": 1.9939082064137374,
        "late": 1.9935439354760895,
        "anxiety": 1.8973143534112695,
        "excellent": 1.884750294064079,
        "protection": 1.8197909829092158,
        "poor": 1.8140517608565034,
        "prison": 1.8021087053486624,
        "drink": 1.7602246243123543,
        "oh": 1.7553038394005014,
        "professor": 1.7472467703141439,
        "friend": 1.7342086165659834,
        "respect": 1.7325885468875548,
        "comfort": 1.725873119521577,
        "command": 1.7220207940259706,
        "promise": 1.7147497410498664,
        "perceiving": 1.69093932941219,
        "authority": 1.6840529438269498,
        "tenderness": 1.6813075670881326,
        "frederick": 1.6549065981674336,
        "hareton": 1.6514482783950226,
        "robert": 1.6514482783950226,
        "relative": 1.6501056119036124,
        "throwing": 1.6195642173752363,
        "conduct": 1.6006369356393124,
        "yo": 1.5999886790384754,
        "fred": 1.5901860203627276,
        "daughter": 1.5866561810323705,
        "gazing": 1.5654084473283312,
        "informed": 1.5578352276235303,
        "money": 1.5516683907020288,
        "russell": 1.5465494200770151,
        "brother": 1.5364139722980288,
        "knightley": 1.5316377106730867,
        "arm": 1.5238293435769317,
        "sister": 1.5165961979753873,
        "elizabeth": 1.5135306767826944,
        "mention": 1.5095552125948135,
        "mary": 1.498360626526321,
        "hartfield": 1.4914078658845542,
        "old": 1.4875289062648147,
        "dearest": 1.4675611239301865,
        "elliot": 1.4457652003288417,
        "affected": 1.4363665023265921,
        "child": 1.4355546311510368,
        "graham": 1.4325141768309857,
        "beth": 1.4085814347549337,
        "king": 1.4063717620287548,
        "known": 1.4025313106152713,
        "engagement": 1.3966892086314155,
        "name": 1.3910237976953188,
        "devoted": 1.3870712060698185,
        "father": 1.3800055376673828,
        "caleb": 1.3703924649231882,
        "home": 1.365609842786898,
        "left": 1.362933307935745,
        "return": 1.338065748637846,
        "resumed": 1.3322092710353004,
        "milton": 1.3214828644422418,
        "weston": 1.3182804324038977,
        "letter": 1.3175784099863257,
        "theodore": 1.3169101346524177,
        "surprised": 1.3161494201392012,
        "exclaimed": 1.3113940468186578,
        "estate": 1.3078079275451653,
        "gone": 1.307076374849155,
        "account": 1.2927640473207151,
        "lover": 1.2897740047149033,
        "roderick": 1.2853005281355956,
        "evidently": 1.258747109094279,
        "distress": 1.2559592917226599,
        "ethel": 1.2493330786864065,
        "whilst": 1.2417939758130818,
        "said": 1.237491356214577,
        "instantly": 1.2193846768235055,
        "lived": 1.2093724981207044,
        "knew": 1.2093724981207044,
        "read": 1.2070629538053481,
        "worthy": 1.1902383311639892,
        "marriage": 1.1694797709971918,
        "immediately": 1.1646787847333706,
        "linton": 1.1480000435867401,
        "edmee": 1.1190748175599485,
        "mentioned": 1.115982222504567,
        "blanche": 1.1059768286910336,
        "oscar": 1.0963450663669765,
        "dead": 1.0854155062087172,
        "study": 1.0815320717214891,
        "whose": 1.0584484586084477,
        "conceal": 1.0540025535772557,
        "anxious": 1.0439488889133328,
        "sudden": 1.041546398698028,
        "john": 1.0402835353112903,
        "impossible": 1.027946370211104,
        "ah": 1.0248400659656283,
        "sir": 1.0208468994372843,
        "catherine": 1.0163229829357714,
        "marquis": 1.0145941690190206,
        "grave": 1.009204939588599,
        "returned": 1.0068696713515173,
        "idea": 1.006786338785955,
        "belgrave": 1.0059810387143124,
        "sitting": 1.0002673875199186
    }
}