{
    "god": {
        "bless": 6.854751886343794,
        "thank": 5.974110736776183,
        "maker": 5.527087421907287,
        "sake": 4.896403019324432,
        "god": 4.3291088996618505,
        "grant": 3.917602602052062,
        "exclaimed": 3.8133916070639278,
        "mercy": 3.7414870524902044,
        "glory": 3.695541036132931,
        "edric": 3.486445437409941,
        "oh": 3.232688845164158,
        "lodore": 3.1725546615879967,
        "good": 3.066061316665619,
        "thee": 2.962883481352928,
        "elvira": 2.7335382993747133,
        "cried": 2.7080032072675757,
        "rochester": 2.6983011193181716,
        "roderick": 2.642908179045691,
        "bosom": 2.6010880033510637,
        "indiana": 2.594594241265564,
        "queen": 2.4391397226315843,
        "help": 2.4275517483563727,
        "pray": 2.3970979518146587,
        "believe": 2.3173688306059494,
        "know": 2.311186991664588,
        "u": 2.2711919669511627,
        "heaven": 2.1645173425225788,
        "great": 2.1367341860090407,
        "beth": 2.1141123890853355,
        "soul": 2.033098581233621,
        "lucy": 1.904826379763155,
        "raymon": 1.8490155167946491,
        "bulstrode": 1.8159072049827107,
        "edmee": 1.792184294197973,
        "alone": 1.7652878104226104,
        "daughter": 1.7191972763076921,
        "let": 1.6825295993191078,
        "nature": 1.665621810324797,
        "patience": 1.6010880033510637,
        "man": 1.568907597601914,
        "speak": 1.5575285354714232,
        "may": 1.3431094683578513,
        "said": 1.321915246088728,
        "margaret": 1.248866612258817,
        "emily": 1.1931604809775205,
        "men": 1.1705411301503486,
        "heart": 1.1419851291702163,
        "adeline": 1.124988978335941,
        "sir": 1.1089938753541522,
        "cause": 1.0620458349274058,
        "jane": 1.0139576659471972
    }
}