{
    "happy": {
        "happy": 3.7736365682541413,
        "everyone": 3.4882580777336156,
        "contented": 3.3455179056175335,
        "group": 3.3076858320917943,
        "extremely": 3.2467568334494628,
        "gay": 3.187255821700801,
        "likewise": 3.1434295807361745,
        "highbury": 3.13211426750834,
        "make": 2.989288458849892,
        "creature": 2.873679096246361,
        "together": 2.7516905233108333,
        "ye": 2.689170771659612,
        "edward": 2.6085523114513274,
        "idris": 2.6085523114513274,
        "elliot": 2.5421510857288174,
        "ethel": 2.452634168002894,
        "norris": 2.4247551354274575,
        "delight": 2.3751731065768973,
        "shall": 2.2985403495427423,
        "emma": 2.2602090298491535,
        "laurie": 2.2276301696069165,
        "safe": 2.2108683789227515,
        "period": 2.167979720065346,
        "marianne": 2.1502616142185995,
        "wish": 2.048782689169499,
        "william": 2.0446514262580004,
        "parent": 2.03759666872405,
        "luc": 1.997687947287414,
        "hope": 1.9860188821125377,
        "hour": 1.9841611731561533,
        "anne": 1.9310405674953635,
        "oh": 1.9148835512876712,
        "elton": 1.8467120486460917,
        "sure": 1.8133258801515448,
        "everything": 1.7774975539148032,
        "elizabeth": 1.7681786460994022,
        "jane": 1.7527359004370782,
        "indiana": 1.7484099750342879,
        "jo": 1.7237845267409488,
        "meg": 1.7100495013355277,
        "lucy": 1.7024983033066043,
        "elinor": 1.693322414930079,
        "earth": 1.6915416761223585,
        "clara": 1.666139803004271,
        "see": 1.6642176460956175,
        "always": 1.658183079175928,
        "weston": 1.6370587391403215,
        "harriet": 1.603334602180308,
        "beth": 1.5898562177414222,
        "unhappy": 1.5890824472531024,
        "le": 1.5794451699940681,
        "amy": 1.5731469753201281,
        "fairfax": 1.5660602293372483,
        "dear": 1.563947009330162,
        "many": 1.5357754033031399,
        "fitzalan": 1.510062448051964,
        "love": 1.4969403208334162,
        "another": 1.4951444633188555,
        "may": 1.4818183097363673,
        "spirit": 1.4814403935479878,
        "made": 1.4748996948785966,
        "day": 1.468966739124855,
        "passed": 1.4243491427300015,
        "valancourt": 1.408737738090089,
        "find": 1.405044709484634,
        "calm": 1.3987599268945128,
        "quite": 1.3784995444665846,
        "well": 1.3727808603136795,
        "woman": 1.3658220020726222,
        "home": 1.3624600546359595,
        "march": 1.33445274165458,
        "raymon": 1.324759345450736,
        "edmund": 1.2666902891952059,
        "never": 1.2469263329551372,
        "idea": 1.2324552411308975,
        "think": 1.2189256479994526,
        "happiness": 1.2046056408213268,
        "would": 1.188172562323168,
        "seem": 1.1837470359236624,
        "trust": 1.1721123354402594,
        "child": 1.1693704371663043,
        "best": 1.1502616142185995,
        "sister": 1.1349347865707187,
        "must": 1.085238305045331,
        "fanny": 1.0804521476858475,
        "convinced": 1.0526294836815246,
        "wait": 1.0446514262580004,
        "girl": 1.0279523633162382,
        "ever": 1.019793242642092
    }
}