{
    "man": {
        "fooled": 6.563593797705447,
        "arsenic": 6.241665702818084,
        "apostolic": 5.97863129698429,
        "gentlemanlike": 4.97863129698429,
        "honorable": 4.379169226568019,
        "medical": 4.241665702818084,
        "young": 4.1302137183048,
        "tyke": 3.756238875647842,
        "gallant": 3.667429608689986,
        "sensible": 3.5088279942745544,
        "harclay": 3.44811658028551,
        "million": 3.361959936535796,
        "old": 3.3239433869480584,
        "wounded": 3.3080930645570596,
        "honest": 3.265913249064761,
        "respectable": 3.1943599880397273,
        "attach": 3.009004946027809,
        "creator": 3.009004946027809,
        "tempered": 3.009004946027809,
        "race": 2.989602414805293,
        "agreeable": 2.916535175892377,
        "amiable": 2.8480997338420644,
        "worthy": 2.833580964181007,
        "thirty": 2.813572050713794,
        "vote": 2.8087062955419775,
        "rich": 2.7863817488705234,
        "pipe": 2.756238875647842,
        "benwick": 2.756238875647842,
        "martin": 2.6567032020969275,
        "principle": 2.6398293835325313,
        "tall": 2.6066625195973323,
        "rejoined": 2.5967606616406456,
        "hinder": 2.5817411444157057,
        "handsome": 2.56025808514219,
        "lovel": 2.5240654335188086,
        "blind": 2.4455965883069943,
        "excellent": 2.4235040258038967,
        "fortune": 2.397316573278278,
        "talent": 2.3692157525385946,
        "county": 2.354140432076496,
        "wicked": 2.354140432076496,
        "pleasing": 2.3485809067345955,
        "marry": 2.2980568846684823,
        "ne": 2.2968072570105447,
        "caleb": 2.2905753032990304,
        "raffle": 2.287469392431208,
        "labour": 2.278191578843198,
        "higgins": 2.2729166368025235,
        "poor": 2.259455016261612,
        "sick": 2.197944325388766,
        "chettam": 2.157601438029609,
        "disagreeable": 2.1440549061916614,
        "emanuel": 2.117337567815882,
        "woman": 2.10542382763206,
        "marche": 2.104162179068149,
        "cadwallader": 2.093273862925413,
        "loved": 2.08509544726546,
        "milton": 2.0717407013757714,
        "married": 2.0596310190977762,
        "sort": 2.0531592756340458,
        "kill": 2.040031841648433,
        "enquired": 2.027540897465236,
        "honor": 2.021335747938528,
        "whose": 2.0086438660507295,
        "charming": 1.9951194197728588,
        "brandon": 1.97863129698429,
        "fine": 1.97863129698429,
        "swear": 1.97863129698429,
        "good": 1.9732846755188114,
        "farebrother": 1.966658655318214,
        "plague": 1.9615577836253484,
        "property": 1.9355625750924041,
        "esteem": 1.8588920527101942,
        "character": 1.797500840834097,
        "bulstrode": 1.7935198917273014,
        "honour": 1.7910042938085187,
        "working": 1.7859862190418938,
        "wickham": 1.7710358775759225,
        "wise": 1.7562388756478418,
        "expect": 1.7562388756478418,
        "another": 1.7241311296172184,
        "man": 1.7015510704891224,
        "son": 1.6832814355078367,
        "looking": 1.67186964969121,
        "independent": 1.6328564601425597,
        "best": 1.6173650541464268,
        "morano": 1.5726389373084528,
        "god": 1.568907597601914,
        "highbury": 1.563593797705446,
        "raymon": 1.563593797705446,
        "mauprat": 1.557969248511568,
        "ruined": 1.5523665422821917,
        "five": 1.5412259846769913,
        "like": 1.5397103314694667,
        "world": 1.5378442262935368,
        "ferrars": 1.4975046072476736,
        "sense": 1.4968101691881093,
        "clergyman": 1.4761309564551066,
        "antoine": 1.4700819117823016,
        "paul": 1.469076198921156,
        "er": 1.4676693777069103,
        "describe": 1.4592571378907104,
        "power": 1.4271598613324812,
        "likely": 1.4248297277495943,
        "fitzhenry": 1.4240424453066522,
        "become": 1.4046399140841368,
        "nature": 1.398815769402941,
        "middlemarch": 1.3936687962631338,
        "abbe": 1.3936687962631338,
        "horse": 1.3832521803177953,
        "wentworth": 1.3803719736496758,
        "huntingdon": 1.341201376368998,
        "belgrave": 1.341201376368998,
        "love": 1.3382956451935872,
        "exclaimed": 1.337286326365615,
        "captain": 1.3156662842618605,
        "lydgate": 1.2939276252343577,
        "want": 1.2872423929750105,
        "heathcliff": 1.2537385351186587,
        "motif": 1.2507108424210907,
        "say": 1.2506305477200326,
        "wife": 1.2277712611597031,
        "earth": 1.2225568798703792,
        "died": 1.208977084111909,
        "lived": 1.2006384345580288,
        "yo": 1.1982434225269551,
        "ay": 1.1972715834596304,
        "ralph": 1.1972715834596304,
        "unhappy": 1.1904869788925205,
        "hate": 1.1842154306341839,
        "better": 1.1831917679254305,
        "ever": 1.1816657130819177,
        "feeble": 1.1712763749266857,
        "philip": 1.165562723732292,
        "think": 1.1486560457243837,
        "garth": 1.1277747362900992,
        "easy": 1.1221586083619948,
        "know": 1.1114951466012686,
        "kindly": 1.110734832991635,
        "make": 1.0918194664818632,
        "strike": 1.0911060262427024,
        "seen": 1.0866747523393077,
        "face": 1.0815884873321184,
        "danger": 1.0737458372661481,
        "ought": 1.0717407013757714,
        "bad": 1.0589734053018933,
        "public": 1.0518411439380664,
        "delmare": 1.0322123371891339,
        "knew": 1.0237606724739494,
        "edmee": 1.021335747938528,
        "dare": 1.0208595323735874,
        "villiers": 1.0166993378178095
    }
}