{
    "mother": {
        "indulgent": 4.588931116689596,
        "foster": 4.431389839703116,
        "fergus": 4.244976715472235,
        "letty": 4.119445833388376,
        "norland": 3.561450380267489,
        "idris": 3.4438807838863132,
        "susan": 3.4067277854688474,
        "julien": 3.372564770357087,
        "middleton": 3.335174524443813,
        "lizzy": 2.9965890856028428,
        "law": 2.9507087241835253,
        "meg": 2.91170018801633,
        "bhaer": 2.897053412051928,
        "barton": 2.813637403864291,
        "ferrars": 2.808244145094072,
        "father": 2.790452070098578,
        "sister": 2.767924784859465,
        "laurence": 2.6687844243788112,
        "tender": 2.659320444580994,
        "spectacle": 2.6359285962267656,
        "lucy": 2.6252896169919295,
        "dearest": 2.528558498710115,
        "beth": 2.5126475314267473,
        "anxious": 2.452869567113568,
        "graham": 2.439063767588537,
        "margaret": 2.412381724936032,
        "daughter": 2.384619149978505,
        "holy": 2.3258967108558024,
        "tenderly": 2.2559478332932383,
        "jo": 2.2385930986813807,
        "marianne": 2.233517600097171,
        "bretton": 2.154211251549053,
        "brandon": 2.119445833388376,
        "ethel": 2.112391075854426,
        "raymon": 2.0669784134942404,
        "child": 2.0559794145449835,
        "thornton": 2.027275989460509,
        "cornelia": 2.013246429556451,
        "partly": 1.9965890856028423,
        "big": 1.967442739943326,
        "dear": 1.966316074489042,
        "elinor": 1.9380418235027668,
        "trifle": 1.9230486205848727,
        "amy": 1.9230486205848727,
        "edward": 1.9033124025236106,
        "jennings": 1.897053412051928,
        "bonnet": 1.8799798986929865,
        "lydia": 1.8715183199447905,
        "laurie": 1.8703135640995068,
        "rushworth": 1.8431146049411242,
        "beck": 1.829939216193391,
        "help": 1.8195440448310127,
        "mother": 1.7944184998421273,
        "fred": 1.7861129752287643,
        "fault": 1.779815736767555,
        "equally": 1.77479766200093,
        "fanny": 1.711639903340608,
        "tenderness": 1.7098834641756835,
        "poor": 1.705124134194119,
        "farebrother": 1.6924356924434563,
        "really": 1.6860298047946776,
        "kindness": 1.6746609907154801,
        "frederick": 1.6455146450559635,
        "mamma": 1.6291202068052952,
        "write": 1.5982089302776072,
        "always": 1.5841141003918204,
        "sick": 1.5452097392602782,
        "told": 1.5296339330058242,
        "dixon": 1.5291498883641792,
        "willoughby": 1.5278196023862092,
        "wife": 1.5229139439550832,
        "picture": 1.5080111213060288,
        "mad": 1.5080111213060288,
        "march": 1.4917093089769284,
        "thierry": 1.4884709349103837,
        "account": 1.463944339851066,
        "john": 1.438315897368789,
        "julie": 1.4149017169145475,
        "bingley": 1.394553071522745,
        "antoine": 1.38850402684994,
        "right": 1.380700232776884,
        "went": 1.3742777086934803,
        "asked": 1.351642835299577,
        "replied": 1.3510243285690118,
        "thank": 1.3507713794948317,
        "suffering": 1.3500587615297925,
        "dr": 1.3293689027626074,
        "villiers": 1.3274388756642077,
        "well": 1.3005555815132606,
        "gone": 1.2883465571583492,
        "son": 1.2646685632979042,
        "pound": 1.2614648382608038,
        "aunt": 1.2501292032378377,
        "kind": 1.2268749090969244,
        "lived": 1.2259757535421791,
        "said": 1.2010762293365607,
        "hale": 1.1925092955780991,
        "good": 1.1905973493969413,
        "anything": 1.187464256817027,
        "busy": 1.1808463780525191,
        "knew": 1.1801720639290543,
        "need": 1.178946845137038,
        "tell": 1.1748065422282112,
        "never": 1.1590704024409544,
        "sure": 1.1474602095579727,
        "come": 1.1443485049203086,
        "health": 1.1396237153260063,
        "fortune": 1.1230936104035203,
        "love": 1.1098763719319542,
        "die": 1.1080410701161267,
        "home": 1.1046791226794639,
        "know": 1.0816909113929578,
        "arm": 1.0778667296369768,
        "engagement": 1.0653691606325832,
        "like": 1.0638535074250586,
        "see": 1.0585134107188152,
        "affection": 1.0450069997101783,
        "young": 1.0372310701001886,
        "call": 1.0346796191678018,
        "comfort": 1.0319829921380368,
        "old": 1.0286588085454715,
        "wished": 1.025469685179362,
        "given": 1.0237557883462312,
        "house": 1.0163523404242722,
        "go": 1.0028592771664617
    }
}