{
    "soul": {
        "inmost": 6.867320109143908,
        "recoiled": 5.722930199808732,
        "pervaded": 5.604285703310113,
        "thrilled": 4.852213216753699,
        "auditor": 4.722930199808732,
        "groaned": 4.55300519836642,
        "body": 4.002547489838131,
        "bitterness": 3.9655005030828105,
        "sadness": 3.8160396042002134,
        "sensibility": 3.7293852219460315,
        "anguish": 3.5714424466230965,
        "wounded": 3.537818794551744,
        "agony": 3.216394346044392,
        "whole": 3.11790207603347,
        "filled": 3.107073691141792,
        "pure": 3.0873416260176083,
        "beloved": 2.861906612957543,
        "pity": 2.8183314157082036,
        "oscar": 2.8132942274613963,
        "tenderness": 2.8132942274613963,
        "alleyn": 2.7888181354651893,
        "tender": 2.6778423102801945,
        "passion": 2.5317887124567244,
        "noble": 2.5203010332937144,
        "edmee": 2.47345389926966,
        "peace": 2.390733769467543,
        "soul": 2.322050763526548,
        "emotion": 2.224845149767543,
        "adrian": 2.221946091726929,
        "heart": 2.2122970249878033,
        "single": 2.1552456905194117,
        "poor": 2.138683499172163,
        "feeling": 2.1092722660871104,
        "mortimer": 2.0366520190913757,
        "god": 2.033098581233621,
        "baron": 1.934095365721926,
        "amanda": 1.9082333024099603,
        "disposition": 1.7955755016404984,
        "fact": 1.7511129675794408,
        "spoke": 1.5889440163810369,
        "exclaimed": 1.5877706165270966,
        "cried": 1.5819178902816586,
        "grief": 1.5807501888493243,
        "casaubon": 1.4990663912556161,
        "pleasure": 1.3967147465182717,
        "dear": 1.377155362967002,
        "ethel": 1.2658425216397342,
        "tear": 1.2606908701829638,
        "idea": 1.1831671185176726,
        "oh": 1.1066035281782411,
        "affection": 1.0932762088034302,
        "like": 1.0334657726433123
    }
}