{
    "violent": {
        "agitation": 6.0120777800774325,
        "affliction": 5.3936687962631344,
        "apparently": 4.913978338642036,
        "passion": 4.658206792687316,
        "effort": 3.8770932705222276,
        "emotion": 3.6060771290269598,
        "length": 3.3471943664636328,
        "marianne": 3.259813049528343,
        "amanda": 1.7716169768067573,
        "mind": 1.6820974128953365
    }
}