{
    "woman": {
        "elderly": 5.579909791991646,
        "poole": 4.579909791991646,
        "reign": 3.955418927083853,
        "young": 3.7124338774964714,
        "lovely": 3.5770040608162357,
        "amiable": 3.57490911093328,
        "virtuous": 3.45062677504668,
        "ingram": 3.4099847905493346,
        "men": 3.283905042169759,
        "beautiful": 3.2787402572710818,
        "middleton": 3.2106759823259274,
        "preference": 3.1369662961429183,
        "sensible": 3.1328265657819947,
        "ferrars": 3.0987831022550303,
        "married": 3.0759470133839777,
        "marry": 2.931044239403177,
        "foolish": 2.927833095411954,
        "old": 2.9182354516393088,
        "board": 2.916944779269217,
        "pleasing": 2.8794700738505545,
        "slave": 2.8143750456286694,
        "higgins": 2.803805803918482,
        "loved": 2.7882535562920303,
        "woman": 2.7788521083952524,
        "bride": 2.709545072408242,
        "independent": 2.6491724544287605,
        "pretty": 2.591225105219481,
        "beck": 2.4424062682417116,
        "noun": 2.3802374471552823,
        "weak": 2.3415050526665677,
        "cornelia": 2.303785386717409,
        "love": 2.1373809232591188,
        "world": 2.1309487898551933,
        "man": 2.10542382763206,
        "raymon": 2.0944829648214047,
        "hard": 2.047414711164626,
        "fortune": 2.0416637901775205,
        "poor": 1.9956630913550772,
        "good": 1.9163516877743736,
        "paul": 1.9004296924862005,
        "united": 1.9004296924862005,
        "child": 1.8928004042630382,
        "indiana": 1.7811680002387504,
        "grace": 1.7554813565751013,
        "choose": 1.7319128854366967,
        "society": 1.6770322588897517,
        "fine": 1.6164356680167604,
        "care": 1.6016345631463629,
        "regarded": 1.5855563551327887,
        "brooke": 1.5827303110540252,
        "another": 1.5048188754102767,
        "like": 1.4730369610846359,
        "life": 1.4598159465013407,
        "julie": 1.4424062682417118,
        "sometimes": 1.4301626724869647,
        "jane": 1.4229238462568323,
        "handsome": 1.4066490779860779,
        "feel": 1.392665314349308,
        "happy": 1.3658220020726222,
        "ever": 1.365709153106185,
        "never": 1.3576868701608733,
        "asked": 1.346725908934364,
        "looking": 1.3376883968932773,
        "little": 1.3072951536584356,
        "many": 1.293911048398597,
        "th": 1.2579816971042843,
        "kind": 1.2543794604240888,
        "cottage": 1.1393372006056652,
        "sure": 1.059487543465201,
        "fanny": 1.0587623888679338,
        "edmee": 1.037651742224729,
        "nature": 1.036620140435412,
        "feeling": 1.0168779313399927,
        "fairfax": 1.013855753820555,
        "dorothea": 1.0024809639558978
    }
}