{
    "god": {
        "righteous": 6.671509601372856,
        "bless": 6.433573160635606,
        "forbid": 6.098619932952275,
        "mohammed": 6.098619932952275,
        "merciful": 6.050364764345054,
        "omnipotence": 6.0128900589263905,
        "thank": 5.527463231756149,
        "allah": 5.490937355731035,
        "almighty": 5.440311282661067,
        "demogorgon": 5.321012354288722,
        "dunstan": 5.057977948454929,
        "abraham": 4.883607041981424,
        "sake": 4.863918707059312,
        "will": 4.818512013759539,
        "thanked": 4.797450398231709,
        "prophet": 4.618398264913294,
        "jacob": 4.560200018168149,
        "praised": 4.4797101003077815,
        "punish": 4.456667453646289,
        "grant": 4.427927558205234,
        "sends": 4.382412898952866,
        "god": 4.3767529099599525,
        "mercy": 4.366511902435371,
        "protect": 4.314348624007712,
        "renounced": 4.273706639510366,
        "preserve": 4.161813759439469,
        "jerusalem": 4.1246151414852195,
        "forgive": 4.065453069017075,
        "liberation": 3.9286949315099626,
        "prayer": 3.7280570628140355,
        "murmured": 3.6162271658716665,
        "help": 3.6063587769279297,
        "swear": 3.5807716280896558,
        "judgment": 3.5085775148667655,
        "ejaculated": 3.452802226844264,
        "mme": 3.369921954769669,
        "jonah": 3.369921954769669,
        "incessantly": 3.3575382303138364,
        "ta": 3.351386003332242,
        "asia": 3.351386003332242,
        "oh": 3.2842108805364014,
        "nantucket": 3.247763372258084,
        "accuse": 3.2392182631250757,
        "satan": 3.237596346101085,
        "isidora": 3.236696068355247,
        "holy": 3.2318864638157394,
        "suicide": 3.2241508150361335,
        "director": 3.2166756944739867,
        "pilot": 3.164507868608732,
        "exclaimed": 3.146007435482057,
        "gracious": 3.139261917449621,
        "maker": 3.1377905302329525,
        "glory": 3.1167672796625343,
        "unto": 3.042476854914741,
        "thee": 3.0012074312943304,
        "worship": 2.9937508150983194,
        "reward": 2.9843627536945947,
        "jonathan": 2.978620156841645,
        "angel": 2.9752375174469923,
        "pray": 2.8880529470126164,
        "pardon": 2.8844293247286146,
        "waterloo": 2.883607041981424,
        "cried": 2.8824393405490896,
        "good": 2.8198386299825695,
        "edric": 2.7948391847751717,
        "creation": 2.7932747222605165,
        "eternal": 2.6810084900096047,
        "providence": 2.6771561645139976,
        "save": 2.6157134364010455,
        "blessed": 2.5930918997255232,
        "sheriff": 2.5768512587183126,
        "bonacieux": 2.5641472026848113,
        "heaven": 2.5513581414163418,
        "caderousse": 2.5170965161978898,
        "please": 2.453586513376701,
        "soul": 2.4460310066349478,
        "item": 2.4383693049268813,
        "lodore": 2.4221590777456226,
        "rebecca": 2.382412898952866,
        "believe": 2.3781424615746376,
        "sincerely": 2.3590803951222425,
        "innocent": 2.341190236226353,
        "ideal": 2.336119246678931,
        "sustained": 2.306062012822751,
        "may": 2.3000490305115466,
        "enemy": 2.273971087323569,
        "justice": 2.273152715510131,
        "wrath": 2.2717688352688734,
        "belief": 2.2650069445599805,
        "hauke": 2.262118665235154,
        "name": 2.2398495013941213,
        "prior": 2.196316606839408,
        "mercedes": 2.194479948359791,
        "know": 2.1915611028335205,
        "ah": 2.1447127108422688,
        "thou": 2.136486188486214,
        "hush": 2.1171400209230726,
        "kitty": 2.1115589886597728,
        "u": 2.062386841309878,
        "mina": 2.0542258135938214,
        "infinite": 2.0479938598823066,
        "cross": 2.0087344294350795,
        "saint": 1.9926251086783906,
        "elvira": 1.9831427155323387,
        "monk": 1.9825330831375123,
        "hath": 1.9661696369286252,
        "rochester": 1.9401905703477915,
        "christian": 1.9391417189450781,
        "sacrifice": 1.9286949315099624,
        "paradise": 1.9229812803155686,
        "law": 1.9172901682377128,
        "living": 1.8984803184629546,
        "cure": 1.8969860717826244,
        "roderick": 1.8925125952033162,
        "repeated": 1.8513306389576683,
        "indiana": 1.8441986574231888,
        "revolution": 1.8355855271184807,
        "gypsy": 1.8291592579590477,
        "suffering": 1.8217797275934504,
        "henry": 1.8083640583834566,
        "service": 1.761073877250043,
        "surely": 1.750144683453353,
        "keep": 1.7481226858681413,
        "done": 1.7471127488014246,
        "great": 1.7408285761908149,
        "love": 1.7346843115433366,
        "lord": 1.7279094649786328,
        "alone": 1.7117652014441394,
        "keeping": 1.7105147614604288,
        "wherefore": 1.691655734209113,
        "cecilia": 1.6868063345477171,
        "child": 1.6828097682755694,
        "felton": 1.681973180811774,
        "heart": 1.6810495275440154,
        "confess": 1.662800871536928,
        "anger": 1.6607617262633294,
        "thy": 1.6169971819238032,
        "crime": 1.6113541061182517,
        "parent": 1.5999131655815375,
        "milady": 1.5820444072113684,
        "man": 1.580902799369914,
        "madam": 1.5780480195010733,
        "permission": 1.570584500315954,
        "church": 1.5572467007788013,
        "tomlinson": 1.5572467007788013,
        "father": 1.5476323325413919,
        "devil": 1.5272155375258403,
        "queen": 1.521406931836053,
        "let": 1.5141094751741524,
        "daughter": 1.5075759342624502,
        "vampyre": 1.4990106562667171,
        "ahab": 1.4853128065371568,
        "give": 1.484172994540006,
        "dear": 1.4661263667742515,
        "ala": 1.4630313591611503,
        "creature": 1.4610817709713704,
        "bosom": 1.4194749931744108,
        "st": 1.4010656058547577,
        "knee": 1.3668160439018473,
        "shall": 1.366660923742471,
        "beth": 1.363716805242961,
        "bishop": 1.3411902362263528,
        "adeline": 1.339159700998982,
        "phoebe": 1.336119246678931,
        "men": 1.3274673764260219,
        "dead": 1.3210123542887227,
        "work": 1.3130195635351918,
        "ask": 1.3006637088969202,
        "professor": 1.298644541260268,
        "saying": 1.2912650108946704,
        "blood": 1.242510380610005,
        "patience": 1.2396240274480674,
        "judge": 1.23001782206813,
        "nature": 1.2293647529152962,
        "waverley": 1.1999969533273565,
        "van": 1.1986157229289958,
        "poor": 1.1959171343071895,
        "voice": 1.194229675995404,
        "said": 1.1935598970138295,
        "speak": 1.1885921900551073,
        "jew": 1.1878089679724133,
        "presence": 1.17635411145684,
        "witness": 1.166756809112294,
        "call": 1.160580638773092,
        "answer": 1.1103216858044398,
        "earth": 1.1039337328487424,
        "raymon": 1.0986199329522748,
        "cosette": 1.0900579194488507,
        "happy": 1.0863763371975275,
        "take": 1.0782419331672488,
        "bulstrode": 1.0655116211403362,
        "edmee": 1.0417887103555985,
        "superior": 1.0335564766584997,
        "answered": 1.0285811566458571,
        "resurrection": 1.0268292498842644,
        "word": 1.0194468772430638
    }
}