{
    "blood": {
        "sucker": 8.802515395978752,
        "bottled": 8.217552895257596,
        "transfusion": 7.8025153959787525,
        "stained": 7.330027624516008,
        "vein": 7.047627893815284,
        "froze": 6.966014128261632,
        "suck": 6.732126068087354,
        "sucking": 6.2664624957385415,
        "flesh": 6.03969163389152,
        "thirsty": 5.906351206963293,
        "boil": 5.8390412720038665,
        "drinker": 5.715052554728413,
        "shed": 5.668659649243962,
        "stain": 5.595357488337465,
        "trickled": 5.593062030349802,
        "kin": 5.517113177116504,
        "alfonso": 5.1780245310709585,
        "frederic": 4.715052554728413,
        "streamed": 4.698178736164016,
        "drop": 4.620121042574223,
        "bloom": 4.4240037727250225,
        "wound": 4.329579512991707,
        "blood": 4.269402008434648,
        "flowed": 4.217552895257596,
        "spout": 4.158659206204027,
        "hunter": 3.934618931986097,
        "covered": 3.8956248003702334,
        "cold": 3.8241949422924466,
        "nearest": 3.619293571922982,
        "saxon": 3.573696705482871,
        "norman": 3.4878188703224655,
        "red": 3.4846003635980134,
        "drink": 3.334366560240346,
        "royal": 3.190072158835489,
        "vampyre": 3.175589602153905,
        "warm": 3.1747788715673044,
        "waste": 2.8896260597487906,
        "thy": 2.7513064550639874,
        "thin": 2.612690837098735,
        "divine": 2.60940076716455,
        "race": 2.5144732952438,
        "lip": 2.4929792078245137,
        "cedric": 2.3973739328424086,
        "pyncheon": 2.2947207557800557,
        "ran": 2.2343481378005743,
        "mounted": 2.22886820848543,
        "tear": 2.2166691616673964,
        "face": 2.198234718057817,
        "hair": 2.1359954860796964,
        "heart": 2.0490806127386447,
        "prince": 1.964211885627646,
        "water": 1.83097184202798,
        "loss": 1.785707108292198,
        "victim": 1.7177070081743906,
        "spot": 1.5641106566536733,
        "marius": 1.559870550615855,
        "king": 1.5146815314356823,
        "fresh": 1.5010192009962031,
        "body": 1.3471881756741915,
        "hand": 1.3318158545550631,
        "varney": 1.309060195052576,
        "felt": 1.303167763102153,
        "whose": 1.2994847503375921,
        "though": 1.2469259466138736,
        "like": 1.1870546565981206,
        "young": 1.1392114439758048,
        "still": 1.0897973480592231,
        "human": 1.0501347494258584,
        "queen": 1.0233432416918566,
        "god": 1.0203843939883075,
        "mouth": 1.0195171870583384,
        "foot": 1.0053943065579418
    }
}