{
    "brother": {
        "justin": 9.377559463988776,
        "accountant": 7.207634462546463,
        "medardus": 7.083828260932066,
        "cyrillus": 6.529562557433825,
        "afanassievna": 6.290096622738436,
        "foster": 6.0921572451265265,
        "elder": 5.693061289716705,
        "skiffins": 5.655093439517684,
        "dessessart": 5.5702045419311705,
        "eugene": 5.168106098359826,
        "brian": 5.039689825232391,
        "leonardus": 4.918127845351478,
        "conde": 4.8229706123111376,
        "jehan": 4.702959750782942,
        "paramour": 4.6771197458476825,
        "bloody": 4.578817672235879,
        "gilbert": 4.490034193247188,
        "pleyel": 4.395706810699035,
        "philip": 4.314549666462974,
        "archdeacon": 4.248276447043809,
        "everard": 4.2400559402388405,
        "emmanuel": 4.2400559402388405,
        "parry": 4.227812344484093,
        "malvoisin": 4.168106098359825,
        "appointment": 4.143504125126747,
        "capuchin": 4.1405202666879255,
        "younger": 4.095524096224925,
        "prior": 4.081626577634357,
        "james": 4.068806757849146,
        "law": 3.9675833747135085,
        "claude": 3.7776466218016473,
        "tobacco": 3.7569730535368975,
        "brother": 3.675829897714479,
        "reverend": 3.5466177216135546,
        "embrace": 3.392666356378983,
        "murderer": 3.364097204182212,
        "flora": 3.3636352214571605,
        "convent": 3.362609122522803,
        "fernand": 3.3258973441662825,
        "prioress": 3.311470273531002,
        "bois": 3.297186047524755,
        "dearest": 3.2900966227384356,
        "macgregor": 3.248276447043809,
        "beloved": 3.232901221156893,
        "sister": 3.2176881272103857,
        "hepzibah": 3.1844448351745727,
        "vernon": 3.0921572451265265,
        "agnes": 2.9115849994847056,
        "married": 2.9036282756563625,
        "royal": 2.8720314307620236,
        "maximilian": 2.8592341562979096,
        "stephen": 2.853997507931762,
        "ravensworth": 2.8185921718005633,
        "isaac": 2.7851024267206945,
        "marchdale": 2.7222076353762206,
        "richard": 2.707156119602491,
        "fergus": 2.612024717625798,
        "monk": 2.5994823344534166,
        "clifford": 2.5573805015735873,
        "templar": 2.5446694498240334,
        "saracen": 2.5320694130444,
        "felton": 2.4754858846780325,
        "dear": 2.465432220014109,
        "george": 2.45699393148318,
        "eliza": 2.3964679265388393,
        "folly": 2.3850931366741825,
        "john": 2.37081263154819,
        "milady": 2.3431356333852498,
        "cousin": 2.2423998807071395,
        "thy": 2.2008196409901513,
        "destiny": 2.1258403713828153,
        "father": 2.1228260747421013,
        "loved": 2.081102056617531,
        "holy": 2.0721194918899815,
        "lay": 2.047457437655712,
        "task": 1.9955839854314736,
        "bannerworth": 1.9852420412100145,
        "murder": 1.961395299255647,
        "mother": 1.954969030096214,
        "ellen": 1.933109236889892,
        "superior": 1.9153980525959051,
        "winter": 1.9058842495967303,
        "bishop": 1.883037180883116,
        "parent": 1.8793085964609497,
        "surgeon": 1.8777135769055697,
        "died": 1.836462848639251,
        "phoebe": 1.803912276495453,
        "pray": 1.7832348600639276,
        "isabella": 1.7628496198735666,
        "received": 1.7292018819791095,
        "child": 1.7283032864714605,
        "grand": 1.6812873800629116,
        "england": 1.6785076199719253,
        "ejaculated": 1.5929246184312544,
        "distance": 1.5874825333630063,
        "lorenzo": 1.55101097669786,
        "hath": 1.5501033358746612,
        "die": 1.5195784688612028,
        "duty": 1.5181972384628422,
        "thank": 1.5113108528776023,
        "husband": 1.502270865766085,
        "returned": 1.4867885337435334,
        "death": 1.4822927524771496,
        "friend": 1.4605943315432313,
        "meet": 1.4409215249862044,
        "officer": 1.418201448486121,
        "oh": 1.416194891875224,
        "noble": 1.4079331130322936,
        "priest": 1.366332208565521,
        "order": 1.358365898755464,
        "king": 1.3012297046394168,
        "sent": 1.2667136953004847,
        "answer": 1.2370782404389444,
        "said": 1.223576580225195,
        "thou": 1.2180136083264619,
        "henry": 1.2116475250530858,
        "terrible": 1.1939240825155566,
        "charles": 1.1863239563010506,
        "told": 1.170057004729986,
        "waverley": 1.1625465730179245,
        "answered": 1.1616220647896265,
        "consequence": 1.0958612138899453,
        "poor": 1.0811894635449992,
        "object": 1.0616551567291823,
        "exclaimed": 1.0164929751944545,
        "voice": 1.0080612549745858
    }
}