{
    "father": {
        "mapple": 7.250820395718495,
        "mestienne": 7.016355142081472,
        "vaughan": 6.97071247652576,
        "pablos": 6.878851618331537,
        "fauvent": 6.878851618331537,
        "florello": 6.665857894997338,
        "olavida": 6.572748490605857,
        "deacon": 6.203514680940139,
        "marteau": 6.080895394276183,
        "rita": 5.748320055189312,
        "jose": 5.687884201327337,
        "mabeuf": 5.4821459418249505,
        "hucheloup": 5.080895394276183,
        "reverend": 5.059288938086808,
        "everhard": 4.928892300831133,
        "humph": 4.928892300831133,
        "wienke": 4.872308772464765,
        "ursule": 4.858502972939735,
        "testament": 4.858502972939735,
        "fernan": 4.748320055189312,
        "abraham": 4.732972090855876,
        "madeleine": 4.693872271166936,
        "senhor": 4.572748490605857,
        "selim": 4.528354371247404,
        "aymer": 4.376351277802354,
        "gillenormand": 4.32849975954037,
        "fauchelevent": 4.265516906925197,
        "confessor": 4.197709059258933,
        "jerome": 4.153958856465906,
        "theology": 4.121537378773529,
        "rosario": 4.049186534548844,
        "director": 4.041367030089545,
        "champmathieu": 4.0181596389282195,
        "correspondent": 3.95313984707781,
        "wilson": 3.9288923008311327,
        "belcampo": 3.9288923008311327,
        "owen": 3.8487219521471494,
        "son": 3.840270287431965,
        "walberg": 3.7272584396614823,
        "donna": 3.6203432357449703,
        "clara": 3.618552180218982,
        "successor": 3.5783950537469997,
        "elke": 3.4642240338276884,
        "mother": 3.4575865819055434,
        "venerable": 3.4508450040264886,
        "epinay": 3.4263919603019497,
        "toussaint": 3.417930381553753,
        "alice": 3.3928394005909226,
        "guiche": 3.3200830581556087,
        "management": 3.2966240853316195,
        "holy": 3.2933037270400085,
        "cavalcanti": 3.2923994994698944,
        "commercial": 3.2284525826900405,
        "afore": 3.2210730523244426,
        "mercedes": 3.2173973941810448,
        "father": 3.2006581507210243,
        "rashleigh": 3.1885361174641527,
        "pharaon": 3.1847312052607224,
        "isabella": 3.1506837244330446,
        "benefactor": 3.142295938940326,
        "wilmot": 3.0808953942761828,
        "gibbet": 3.0631933925427237,
        "haydee": 3.035807504747645,
        "harriet": 3.0028928822749097,
        "digger": 2.9877859898847015,
        "accuse": 2.958038646490649,
        "disgrace": 2.9354649547546185,
        "cedric": 2.93314177383249,
        "jarvie": 2.8983039809977096,
        "eponine": 2.8932683911004116,
        "heavenly": 2.8585029729397347,
        "hermogen": 2.8585029729397347,
        "signora": 2.8585029729397347,
        "wilfred": 2.841429459580793,
        "caesar": 2.8312815042047106,
        "emmanuel": 2.791388777081198,
        "fernand": 2.7841207766171583,
        "daughter": 2.7067710882633915,
        "reveal": 2.675911559661262,
        "athelstane": 2.665857894997339,
        "child": 2.645958337559634,
        "cosette": 2.6225304633332382,
        "rebecca": 2.61661437597749,
        "died": 2.61661437597749,
        "marseille": 2.6069642059437705,
        "maximilian": 2.6069642059437705,
        "law": 2.5975731554308643,
        "anyone": 2.590569767693102,
        "andrea": 2.559658491165414,
        "lucy": 2.5530253988329665,
        "drunken": 2.5503806775774027,
        "hippolita": 2.5503806775774027,
        "dikemaster": 2.5424754794920568,
        "hauke": 2.4814333238599118,
        "noirtier": 2.4391781152577927,
        "isidora": 2.4116166076215513,
        "ivanhoe": 2.4095181417375535,
        "edmond": 2.392839400590923,
        "glasgow": 2.3804556761350906,
        "prayed": 2.353579970143696,
        "deceased": 2.2888884365520146,
        "today": 2.287346271743609,
        "dear": 2.257773156360262,
        "mary": 2.243325859171571,
        "marian": 2.239593140295241,
        "matilda": 2.2321565514534596,
        "aged": 2.2309208382807904,
        "bradwardine": 2.212685266831724,
        "adopted": 2.2119014064261924,
        "uneasiness": 2.189044198131805,
        "morrel": 2.176329851613908,
        "dearest": 2.1633575544681554,
        "illustrious": 2.1381202629691325,
        "grandfather": 2.1307265502281894,
        "murdered": 2.1284237643587685,
        "brother": 2.1228260747421013,
        "villefort": 2.1175538648550307,
        "suicide": 2.1010732762138127,
        "husband": 2.097997821966896,
        "hush": 2.085913469042807,
        "valentine": 2.0853550424668827,
        "killed": 2.062516864961328,
        "manfred": 2.0544231829149915,
        "name": 2.0445319930573542,
        "eugene": 2.0413670300895452,
        "betwixt": 2.0413670300895452,
        "loved": 2.024752316238649,
        "marius": 2.0081755503555976,
        "medardus": 2.0028928822749092,
        "murmured": 2.000364055964171,
        "morcerf": 1.9840338550235939,
        "isaac": 1.980291453337777,
        "ruined": 1.9548875093640772,
        "succeed": 1.9361238700622088,
        "affection": 1.9349160884589027,
        "ellen": 1.9319010507034708,
        "beloved": 1.9135170749442167,
        "macgregor": 1.8991449574370807,
        "jondrette": 1.8932683911004111,
        "thy": 1.8814354947774752,
        "uncle": 1.8779553356059073,
        "oh": 1.8458491721293293,
        "totally": 1.8357828964396512,
        "hunger": 1.8312815042047106,
        "bond": 1.8161921680817705,
        "credit": 1.7960804724059196,
        "worthy": 1.7933188041795973,
        "married": 1.7768892073860827,
        "whereupon": 1.7589672993888203,
        "god": 1.7562659838246357,
        "imagine": 1.7447883642190587,
        "wrote": 1.741265297655361,
        "used": 1.7387084604050205,
        "prior": 1.732495088027629,
        "saved": 1.727258439661482,
        "frank": 1.7194389352021828,
        "grateful": 1.7147674954782852,
        "wi": 1.713879409860282,
        "death": 1.7091906388215703,
        "bread": 1.7039259358308585,
        "saxon": 1.7000736103352518,
        "pity": 1.6766323665915142,
        "jean": 1.6703175431880388,
        "ashton": 1.6583633584504145,
        "thenardier": 1.6522602915966165,
        "poor": 1.6495958137462985,
        "honest": 1.64416282389802,
        "wretched": 1.6434900819688842,
        "affair": 1.633552581002507,
        "monte": 1.62336581288326,
        "reduced": 1.6214637756388852,
        "diana": 1.6166143759774894,
        "norman": 1.6141957751748464,
        "grave": 1.604081697410649,
        "unto": 1.6012049366550853,
        "hae": 1.598743699138802,
        "cried": 1.5965821874166493,
        "yes": 1.5793489017426638,
        "indifference": 1.571340296213049,
        "family": 1.5646984789667604,
        "wish": 1.5612781321336011,
        "inquired": 1.5603234808249813,
        "living": 1.5503806775774027,
        "forgive": 1.5400139620191433,
        "tomb": 1.5365748780523725,
        "theodore": 1.5365748780523725,
        "markham": 1.530541930485168,
        "called": 1.5162612992593838,
        "sate": 1.5161107754926568,
        "tomorrow": 1.5093534093173482,
        "charlotte": 1.5059865582189496,
        "receive": 1.5000490020272585,
        "throat": 1.4992763366293966,
        "love": 1.4668399820347,
        "exclaimed": 1.4422949299529533,
        "discovered": 1.4327708728646544,
        "fortune": 1.4242719084275801,
        "danglars": 1.408470052304687,
        "house": 1.407941108195778,
        "knee": 1.3981794253461215,
        "lived": 1.3973690590714367,
        "eternal": 1.3857499758046035,
        "wished": 1.3833040384441209,
        "importance": 1.3804556761350903,
        "concerning": 1.3751807340944162,
        "choose": 1.3681773463566538,
        "either": 1.3639310002715133,
        "dead": 1.3574296305890992,