{
    "god": {
        "righteous": 6.6817636313375095,
        "merciful": 5.910134905163379,
        "bless": 5.898994347558179,
        "mohammed": 5.828605019666781,
        "forbid": 5.7446662011668845,
        "thank": 5.470151048754304,
        "almighty": 5.460873235166294,
        "allah": 5.266726132058666,
        "demogorgon": 5.099907041484175,
        "grant": 5.04141139217403,
        "sake": 5.004111053372393,
        "omnipotence": 4.951461767452314,
        "will": 4.828605019666781,
        "dunstan": 4.787963035169435,
        "praised": 4.669126805659585,
        "abraham": 4.6586800182244685,
        "thanked": 4.61606038428668,
        "prophet": 4.475495269531139,
        "jacob": 4.388032428280799,
        "god": 4.254206132306653,
        "forgive": 4.210555726887281,
        "punish": 4.152877055022442,
        "protect": 4.13611405464118,
        "sends": 4.121386768894627,
        "gracious": 4.098525811085815,
        "renounced": 4.050997441003229,
        "jerusalem": 3.99210375194966,
        "mercy": 3.9382973082538664,
        "preserve": 3.9062259167892543,
        "help": 3.865008003316431,
        "liberation": 3.8030699275596436,
        "judgment": 3.6663335907679038,
        "prayer": 3.5066769247794185,
        "jonah": 3.4821546056453494,
        "glory": 3.3520381694167676,
        "pilot": 3.350557722862136,
        "incessantly": 3.3431781924965387,
        "accuse": 3.3431781924965387,
        "murmured": 3.336594001489114,
        "angel": 3.3247582534300806,
        "oh": 3.321842148586333,
        "asia": 3.3140318468370222,
        "swear": 3.310029916279526,
        "ejaculated": 3.2436425189456246,
        "director": 3.1634721702616413,
        "mme": 3.1186842485148034,
        "ta": 3.1123979856673722,
        "suicide": 3.0711753229408587,
        "reward": 3.0017539219833793,
        "nantucket": 2.97774845897259,
        "isidora": 2.9666811550697534,
        "good": 2.903098745890915,
        "exclaimed": 2.8915648133785585,
        "holy": 2.825284661375169,
        "cried": 2.765993042367102,
        "satan": 2.7451890114791433,
        "jonathan": 2.701847877380842,
        "sincerely": 2.670175657062298,
        "unto": 2.664416387773613,
        "waterloo": 2.635959941724385,
        "pardon": 2.631672583321287,
        "creation": 2.6269711584971303,
        "kitty": 2.6135921286959305,
        "praise": 2.5836389065943024,
        "providence": 2.512577526219103,
        "pray": 2.5010669564368344,
        "heaven": 2.4970105901859387,
        "soul": 2.4964085893255916,
        "ideal": 2.4862128222197026,
        "blessed": 2.415911460856236,
        "worship": 2.407141251228504,
        "save": 2.368002857321546,
        "done": 2.3651279864169625,
        "sheriff": 2.3579751944246192,
        "dost": 2.3276209115849777,
        "thee": 2.327317537587248,
        "sustained": 2.3230769864400296,
        "may": 2.31038918664176,
        "please": 2.30325200808378,
        "bonacieux": 2.2941322893993177,
        "item": 2.2784079371063015,
        "caderousse": 2.2470816029123957,
        "know": 2.2302344759612303,
        "rebecca": 2.2241463433198274,
        "believe": 2.217919954284018,
        "innocent": 2.187499440908091,
        "name": 2.1744144838211694,
        "wrath": 2.1710738929949795,
        "thou": 2.1660739654499213,
        "cure": 2.1505331145541433,
        "anger": 2.1281653015256885,
        "prior": 2.1176346340335193,
        "justice": 2.112397985667372,
        "living": 2.095984895776539,
        "strength": 2.0827670214966227,
        "enemy": 2.0737175175033125,
        "alone": 2.068536184017102,
        "sacrifice": 2.0552975784368543,
        "great": 2.036830109076635,
        "hauke": 1.99210375194966,
        "ah": 1.9774163086221215,
        "paradise": 1.9706240245392086,
        "conceive": 1.935520223583293,
        "belief": 1.9276150254979465,
        "mercedes": 1.924465035074297,
        "u": 1.9186867313606941,
        "love": 1.8926215125379355,
        "triumph": 1.8877670921349246,
        "cross": 1.8345624749631804,
        "proud": 1.8262648812122642,
        "confess": 1.8125927016781498,
        "keep": 1.793160650106895,
        "hush": 1.7929811099360593,
        "henry": 1.7919760976760581,
        "infinite": 1.7904698907800096,
        "mina": 1.7842109003083275,
        "men": 1.7814910973741458,
        "mortal": 1.7802419981053819,
        "eternal": 1.7708895218104934,
        "keeping": 1.7697113306132122,
        "law": 1.760320280100306,
        "father": 1.7562659838246357,
        "repeated": 1.7226715749177157,
        "suffering": 1.7104879203741408,
        "permission": 1.7052226041614986,
        "christian": 1.6934454363851448,
        "man": 1.666564155836972,
        "saint": 1.6653746707984767,
        "child": 1.6647756693197082,
        "revolution": 1.6586800182244683,
        "lord": 1.6416065048655268,
        "parent": 1.6231359013668012,
        "professor": 1.6135921286959305,
        "th": 1.6041110756850452,
        "nature": 1.602870704223331,
        "ye": 1.5986344060355646,
        "hath": 1.5861113922738233,
        "monk": 1.558322530330119,
        "antonia": 1.5527465734754031,
        "world": 1.5408435279306103,
        "gypsy": 1.532672133312363,
        "creature": 1.5214739267074988,
        "give": 1.5158217772097027,
        "voice": 1.5074698322139908,
        "earth": 1.5066769247794183,
        "shall": 1.5002377021873106,
        "heart": 1.446426043677604,
        "wherefore": 1.4362875968880202,
        "dear": 1.4343260805547344,
        "cecilia": 1.4265065760954352,
        "felton": 1.4119582675262798,
        "crime": 1.4057679098198106,
        "surely": 1.3961909516679634,
        "devil": 1.3866771486687886,
        "church": 1.3551891715937823,
        "madam": 1.3285314165321376,
        "milady": 1.3120294939258748,
        "poor": 1.3048245231199327,
        "tomlinson": 1.2872317874933072,
        "service": 1.2516798380110428,
        "thy": 1.2477160135320495,
        "dead": 1.2400688360658056,
        "power": 1.2324562299739197,
        "vampyre": 1.2314265692359854,
        "ahab": 1.2209224424455412,
        "ask": 1.2159997638764957,
        "ever": 1.200194987798342,
        "st": 1.19905915645174,
        "work": 1.1977621575263067,
        "rest": 1.1976301211887883,
        "saying": 1.1841148175588951,
        "let": 1.1832229756610957,
        "queen": 1.1787158823248516,
        "superior": 1.1737985303315153,
        "abbe": 1.1699854772203158,
        "would": 1.1642134320818558,
        "bishop": 1.1414376586187256,
        "ala": 1.1393058591308887,
        "witness": 1.1387734010916695,
        "said": 1.120468955098756,
        "mother": 1.1202601034403423,
        "life": 1.1063404748470036,
        "say": 1.1040444463913555,
        "become": 1.0831778467523785,
        "judge": 1.070251998083174,
        "listen": 1.0699059035532932,
        "adeline": 1.069144787713488,
        "see": 1.06752241471048,
        "destiny": 1.0623127542310629,
        "phoebe": 1.0623127542310629,
        "answer": 1.036047099537257,
        "word": 1.034743027279172,
        "progress": 1.0249351444170325,
        "blood": 1.0203843939883075,
        "daughter": 1.0139081222680084
    }
}