{
    "happy": {
        "supremely": 7.768940454270592,
        "thrice": 5.933327272171474,
        "happy": 5.457543026875399,
        "prosperous": 5.4355167205454,
        "betty": 5.335981046994486,
        "valley": 5.066484390530995,
        "warrior": 4.136672238771079,
        "frank": 3.8814151835290045,
        "render": 3.794128786361425,
        "tidings": 3.7779855938735993,
        "jonathan": 3.3494015627568072,
        "happiness": 3.272286371677096,
        "cosette": 3.0119172077631324,
        "live": 3.0009118524190566,
        "make": 2.9674861336526717,
        "albert": 2.7828796452284656,
        "oh": 2.5338942321237385,
        "lordship": 2.517221361664632,
        "feel": 2.502570335873542,
        "shall": 2.4957146909835823,
        "rich": 2.4631320247465065,
        "life": 2.4399427860584395,
        "caderousse": 2.380062115458603,
        "valentine": 2.3404406951851855,
        "heaven": 2.323887975006466,
        "oliver": 2.317729342438263,
        "isabella": 2.2537662837062977,
        "day": 2.158589596088569,
        "angel": 2.0247793587001817,
        "love": 1.9849600405867964,
        "earth": 1.9615855322129878,
        "return": 1.9240295275893844,
        "joe": 1.850554219824244,
        "friend": 1.8437548150200795,
        "morrel": 1.8147441438837164,
        "together": 1.8105195580219913,
        "home": 1.6454397899196316,
        "society": 1.5751687108739119,
        "valjean": 1.5568899771556028,
        "markham": 1.5340888162075064,
        "man": 1.4861053091121417,
        "passed": 1.4795599522940874,
        "thought": 1.466621403321758,
        "count": 1.4536863653065386,
        "porthos": 1.4316371334963136,
        "henry": 1.4103834373925068,
        "soul": 1.3663546960380042,
        "son": 1.3494015627568072,
        "many": 1.3367670426777185,
        "ala": 1.272286371677096,
        "world": 1.248518205744146,
        "desire": 1.245378498213579,
        "flora": 1.2189633114987672,
        "ellen": 1.1869867034217738,
        "see": 1.1009672537057729,
        "charles": 1.0922781194126254,
        "indeed": 1.08830921720968,
        "father": 1.0840626733548655,
        "tone": 1.0756526402653903,
        "waverley": 1.0685007361294998,
        "hour": 1.0629625525880697,
        "party": 1.0588228222271456,
        "felt": 1.0509525349186524,
        "wish": 1.0476893309583597,
        "richard": 1.0281477819929097
    }
}