{
    "man": {
        "pratty": 6.671971854423476,
        "peacefu": 6.408937448589682,
        "sabbee": 5.671971854423476,
        "guernsey": 5.671971854423476,
        "resurrection": 5.619896311495186,
        "billettes": 5.087009353702319,
        "pho": 5.087009353702319,
        "iven": 4.382465237228491,
        "gouty": 4.212540235786179,
        "cadaverous": 4.177207162673898,
        "haired": 4.135918954183266,
        "workus": 3.993899949310838,
        "meung": 3.9350062602572695,
        "deaf": 3.92946807671584,
        "sadder": 3.835470586706355,
        "drowning": 3.7975027365073344,
        "young": 3.744344800618162,
        "gruffly": 3.6719718544234756,
        "godlike": 3.5845090131731365,
        "savagely": 3.5344683306735405,
        "brutally": 3.5344683306735405,
        "wounded": 3.4846647747529262,
        "tripe": 3.42404434097989,
        "transfigured": 3.4089374485896817,
        "tall": 3.3532180073312574,
        "ordain": 3.350043759536113,
        "humbug": 3.350043759536113,
        "aischa": 3.350043759536113,
        "unprincipled": 3.302738044757757,
        "sallow": 3.302738044757757,
        "honest": 3.292383191148921,
        "medical": 3.2647964729176024,
        "cripple": 3.2569343551446317,
        "bearded": 3.2569343551446317,
        "meg": 3.2125402357861783,
        "old": 3.1708686128193717,
        "blouse": 3.113976401302589,
        "elderly": 3.0750367120362436,
        "cudgel": 3.063162611747952,
        "dying": 3.029293855846032,
        "stature": 3.028115664648751,
        "mused": 2.9938999493108382,
        "gentlemanly": 2.9170843522600074,
        "hired": 2.887700545478913,
        "ony": 2.881894923797707,
        "moll": 2.864616932365872,
        "immortal": 2.864616932365872,
        "accosted": 2.791553470176148,
        "scrutinized": 2.784446583681888,
        "intrepid": 2.7459724358672526,
        "dive": 2.7459724358672526,
        "drily": 2.7177755440366003,
        "myriel": 2.7177755440366003,
        "benstead": 2.6946919309235593,
        "buffer": 2.677618417564618,
        "naughty": 2.6719718544234756,
        "mint": 2.6719718544234756,
        "murdered": 2.665052440483685,
        "faced": 2.6444911180013686,
        "pal": 2.6422245110294234,
        "mantle": 2.6315575859775677,
        "avaricious": 2.6275777350650222,
        "assassinated": 2.548589438918193,
        "damnation": 2.5426888374785093,
        "brave": 2.5374521891123623,
        "wise": 2.53006122915076,
        "deacon": 2.5251304660942044,
        "stout": 2.5222247349187934,
        "mummy": 2.5020468529811635,
        "sick": 2.497600947949971,
        "cracksman": 2.49316870163471,
        "condemned": 2.492062764408541,
        "ruined": 2.475574641619972,
        "balustrade": 2.470337993253825,
        "wretched": 2.4569589634526254,
        "cloak": 2.4379165155614477,
        "growled": 2.4240443409798904,
        "flathers": 2.4240443409798904,
        "sovereignty": 2.4240443409798904,
        "hearted": 2.4177305670476876,
        "emerge": 2.3918639352307403,
        "unhappy": 2.3595352085134107,
        "suffers": 2.3500437595361134,
        "lighter": 2.3500437595361134,
        "drunken": 2.2934602311697456,
        "avarice": 2.2796544316447154,
        "coolly": 2.265979494747639,
        "genius": 2.2619524299112563,
        "nae": 2.260158256018918,
        "mysell": 2.2457070997213773,
        "clever": 2.240922037156001,
        "ole": 2.2390124471473696,
        "hanged": 2.2213104454139105,
        "suffices": 2.2125402357861788,
        "injured": 2.2125402357861788,
        "honorable": 2.1939245576188315,
        "tony": 2.1908451646868596,
        "gines": 2.1865450272532336,
        "villany": 2.180118758093801,
        "mortal": 2.1641772142247797,
        "thin": 2.160219200656096,
        "bragelonne": 2.1484098983664626,
        "mask": 2.141457137724696,
        "compeyson": 2.135918954183266,
        "handsome": 2.109035660032318,
        "bald": 2.0870093537023195,
        "kicked": 2.0870093537023195,
        "dead": 2.083435670822501,
        "unfortunate": 2.071412498651301,
        "inflexible": 2.039703638923963,
        "immortality": 2.0363832806323514,
        "blest": 2.028115664648751,
        "shabby": 2.028115664648751,
        "recognizing": 2.028115664648751,
        "wisdom": 2.025809197265582,
        "backed": 2.0090068417010465,
        "montparnasse": 2.003593345514682,
        "lame": 1.99954651245198,
        "bethune": 1.99954651245198,
        "astounded": 1.993899949310838,
        "bildad": 1.9901478144497304,
        "brings": 1.9901478144497304,
        "anthony": 1.987473680151405,
        "appalled": 1.9715321362823834,
        "dikemaster": 1.9636269381970373,
        "blind": 1.958904527954634,
        "theme": 1.955764820424067,
        "joseph": 1.9495058299523846,
        "dressed": 1.930205273993448,
        "bayonet": 1.9278107588530655,
        "poor": 1.9257989365401795,
        "upright": 1.9082062009135543,
        "destiny": 1.9056795889877578,
        "cromwell": 1.9025847825648918,
        "digger": 1.8943642757599237,
        "grime": 1.890612140898816,
        "leblanc": 1.8646169323658714,
        "perseverance": 1.8239749478685254,
        "looking": 1.8089405797831828,
        "serving": 1.806901434509584,
        "capable": 1.7928262492978615,
        "philippe": 1.7893288050616343,
        "orlick": 1.7893288050616343,
        "gilbert": 1.7844465836818881,
        "angel": 1.7758076654080155,
        "gallows": 1.7650812588149571,
        "born": 1.7503597531081916,
        "desperate": 1.749651218245351,
        "barrois": 1.7491397149459356,
        "vampa": 1.7491397149459356,
        "bossuet": 1.7459724358672524,
        "signified": 1.7459724358672524,
        "recognize": 1.7353339154209049,
        "walberg": 1.7333723990876189,
        "wonderful": 1.7305240367785888,
        "tomlinson": 1.7155611229711583,
        "rich": 1.7072003427344573,
        "martin": 1.7061875697613886,
        "scorn": 1.698738763986261,
        "humane": 1.6946919309235589,
        "bulwark": 1.6946919309235589,
        "enjolras": 1.6889782797291653,
        "holy": 1.6884599772120448,
        "axe": 1.6849109101309736,
        "whose": 1.6735616011858683,
        "god": 1.666564155836972,
        "creation": 1.6629830711962208,
        "tidkins": 1.6607445990002214,
        "strange": 1.6567559455309118,
        "abrupt": 1.6540499464262133,
        "tristan": 1.6496040413950213,
        "ejaculated": 1.6422245110294236,
        "killed": 1.6412096006527885,
        "sinister": 1.6385488528860253,
        "murder": 1.6343193129440774,
        "bearing": 1.6258300727787551,
        "cried": 1.615992969456244,
        "clad": 1.6130781653699071,
        "learned": 1.6073188960812221,
        "evidently": 1.6051403459452669,
        "despairing": 1.6015825265320776,
        "pointing": 1.595868875337684,
        "auld": 1.584509013173136,
        "ibrahim": 1.584509013173136,
        "ambition": 1.584509013173136,
        "breathing": 1.5704338279614136,
        "upset": 1.5634473976453065,
        "wrapped": 1.5634473976453065,
        "plague": 1.5604635392064852,
        "stir": 1.5564946370035395,
        "demanded": 1.5543620497107271,
        "dreadful": 1.550508341937808,
        "darting": 1.5426888374785093,
        "emmanuel": 1.5344683306735407,
        "respectable": 1.5314906308736453,
        "avrigny": 1.5251304660942044,
        "cartridge": 1.5222247349187934,
        "doll": 1.5222247349187934,
        "worthy": 1.5193248444129988,
        "agent": 1.5115071822302295,
        "starbuck": 1.5020468529811632,
        "disguised": 1.5020468529811632,
        "replied": 1.4992373193943391,
        "fool": 1.492648154978914,
        "roger": 1.4887500303677055,
        "good": 1.487173576499633,
        "happy": 1.4861053091121417,
        "boundless": 1.4861053091121417,