{
    "mother": {
        "plutarque": 8.234966444517658,
        "ascension": 8.082963351072609,
        "precentor": 7.761035256185246,
        "crucifixion": 7.69594022796336,
        "ursula": 7.466291990624113,
        "vocal": 7.345997756906403,
        "fauvent": 6.945459827322674,
        "foster": 6.382523632931516,
        "hucheloup": 5.913038349630296,
        "presentation": 5.835035837629023,
        "sainte": 5.18987855498912,
        "phil": 5.176072755464089,
        "selim": 5.038569231714154,
        "renee": 4.835035837629023,
        "friquet": 4.690645928293848,
        "pearl": 4.650003943796501,
        "reverend": 4.458472486164815,
        "prioress": 4.186799162057148,
        "mother": 4.152226013509722,
        "montfermeil": 3.854144660576727,
        "child": 3.853246065069078,
        "babe": 3.737188514230878,
        "deceased": 3.705993892627284,
        "conception": 3.6906459282938475,
        "scarlet": 3.678208825055625,
        "shaft": 3.623531732435311,
        "director": 3.6104755796098646,
        "walberg": 3.5594013950155947,
        "milk": 3.534526726376566,
        "father": 3.4575865819055434,
        "resign": 3.410538009101112,
        "matilda": 3.386227601694935,
        "antonia": 3.3782616060773565,
        "mademoiselle": 3.2719327708716057,
        "speaks": 3.224982355945036,
        "sister": 3.212598631489204,
        "elinor": 3.1954380803310203,
        "albert": 3.1619975702523666,
        "died": 3.1268292364442405,
        "tender": 2.9878061180322675,
        "fantine": 2.9674861336526717,
        "son": 2.9264588653926173,
        "orphan": 2.9230920142942183,
        "blossom": 2.9030542610576737,
        "fauchelevent": 2.8882064966503602,
        "isidora": 2.82872206369682,
        "daughter": 2.7172512848760175,
        "lucy": 2.6932906495494113,
        "dear": 2.6748786124355313,
        "ashton": 2.6604313152468397,
        "poor": 2.6422034412936575,
        "mercedes": 2.6345028502563137,
        "gypsy": 2.564638043381742,
        "ghost": 2.563888786007909,
        "flora": 2.5329862083007835,
        "st": 2.5085590420500283,
        "hush": 2.5030189251180763,
        "parent": 2.4327093900997325,
        "hester": 2.414078366806361,
        "tenderness": 2.365972456667668,
        "sake": 2.357138314511602,
        "thenardier": 2.3468997232007944,
        "katherine": 2.339571487746969,
        "girl": 2.329482670123385,
        "bannerworth": 2.275608429015004,
        "maid": 2.258534915656062,
        "wretched": 2.2125986314892034,
        "born": 2.197877125782438,
        "mordaunt": 2.194220102174349,
        "sad": 2.173888508202214,
        "naked": 2.158150847466827,
        "coffin": 2.1089585596055525,
        "dead": 2.1021097446928727,
        "phoebe": 2.094278664300442,
        "law": 2.062933780113354,
        "minister": 2.0018794223849734,
        "killed": 2.0015750242319528,
        "bosom": 1.9866874400159593,
        "chapel": 1.9640222783491004,
        "brother": 1.954969030096214,
        "portrait": 1.9536803341276414,
        "oh": 1.8921169328362897,
        "young": 1.8411231675079374,
        "wear": 1.8312442584666482,
        "isabella": 1.830823586342108,
        "vault": 1.80870168981556,
        "become": 1.7646465097376243,
        "ellen": 1.764044006057584,
        "juan": 1.7466799632081755,
        "thy": 1.7321941282989355,
        "cosette": 1.6820839147904239,
        "george": 1.676970991396771,
        "woman": 1.641078714017018,
        "reading": 1.635880124862956,
        "earth": 1.5386428348487977,
        "mine": 1.5328956407976375,
        "saint": 1.5274155794255437,
        "asked": 1.5238341493347183,
        "cried": 1.5067276547720354,
        "franc": 1.4830505088854802,
        "loved": 1.4645778488140015,
        "wife": 1.4600980582138565,
        "memory": 1.4577763727419533,
        "grave": 1.4362246527647617,
        "family": 1.4353155821355088,
        "little": 1.4328481708262006,
        "lost": 1.4163738247940232,
        "ill": 1.4105380091011122,
        "love": 1.379153286072796,
        "cell": 1.3595868216543567,
        "villefort": 1.3174286047096309,
        "madame": 1.2756084290150038,
        "church": 1.2616241995793027,
        "known": 1.2268970145417717,
        "said": 1.2117106744837416,
        "feeling": 1.1888192721294109,
        "letter": 1.1624751520633672,
        "miss": 1.1606975295771733,
        "know": 1.1545596628426398,
        "told": 1.138495297647613,
        "heart": 1.12789470666285,
        "home": 1.1229614190045267,
        "god": 1.1202601034403423,
        "covered": 1.117179066410521,
        "marchdale": 1.1056834275726914,
        "never": 1.1022525221724178,
        "come": 1.0738086359294894,
        "valentine": 1.0695010912660452,
        "step": 1.0647631722593824,
        "tell": 1.0470556976019831,
        "crime": 1.0454163971104296,
        "side": 1.0405577848076082,
        "yes": 1.0232212673807186,
        "bed": 1.002145823464281,
        "discovered": 1.0018794223849734
    }
}