{
    "soul": {
        "harrowing": 6.611114930402906,
        "immortal": 5.814987263768557,
        "inmost": 5.65550904976136,
        "salvation": 4.927588595198161,
        "wherewith": 4.651756914900252,
        "body": 4.598731205947074,
        "soar": 4.540725602511509,
        "lacking": 4.523652089152567,
        "damn": 4.430542684761086,
        "celestial": 4.313434381762222,
        "mirror": 4.1960774311240625,
        "rack": 4.087552974345894,
        "soul": 3.6145215318461563,
        "sens": 3.49934168174639,
        "satan": 3.3053065008788214,
        "hippolita": 3.173709618095609,
        "anguish": 3.156061752276184,
        "bottom": 3.061651110903137,
        "vagabond": 3.006252872244046,
        "cure": 2.9736850097876153,
        "whole": 2.9122391094782514,
        "human": 2.8360142073499297,
        "jehan": 2.8210379997771384,
        "eternal": 2.69357709059488,
        "destruction": 2.6882827909253666,
        "strike": 2.67251547506705,
        "thy": 2.6684304462663113,
        "depth": 2.666256484595368,
        "daylight": 2.6036203938559828,
        "absorbed": 2.5887471173744525,
        "hath": 2.5612663809523455,
        "sense": 2.537025951235939,
        "god": 2.4964085893255916,
        "theodore": 2.4818319134579405,
        "heaven": 2.3959299930373756,
        "pure": 2.37448058649068,
        "sentiment": 2.3606585906485824,
        "posse": 2.3298288200128905,
        "living": 2.31506546734115,
        "thee": 2.3024725262657695,
        "quasimodo": 2.253562925784823,
        "sky": 2.2001818294567994,
        "secret": 2.198785023487555,
        "love": 2.1654570498571424,
        "th": 2.164228565084723,
        "filled": 2.1426040178547474,
        "reality": 2.1371837420704947,
        "angel": 2.1299882406662904,
        "mention": 2.1086145898737234,
        "virgin": 2.1033202902042105,
        "profound": 2.0463303116193807,
        "generous": 2.0429476722247286,
        "ahab": 2.003432353181667,
        "conscience": 1.9894118828667324,
        "deep": 1.9804341293759153,
        "dust": 1.9608609694300314,
        "bound": 1.94625288250788,
        "future": 1.94625288250788,
        "er": 1.9266167561308363,
        "joy": 1.9194632295317993,
        "nature": 1.8734815764280244,
        "rest": 1.8357501225897397,
        "save": 1.8350109423297423,
        "mine": 1.8064743930423386,
        "heart": 1.8017237411887839,
        "isabella": 1.7740126649512507,
        "silver": 1.7586721188167647,
        "gaze": 1.743218466410252,
        "fly": 1.7273079479074296,
        "lorenzo": 1.6914570387205103,
        "thou": 1.6672977657960308,
        "destiny": 1.622430243630741,
        "like": 1.609763037402948,
        "rise": 1.5771675984795692,
        "madam": 1.5667208110444533,
        "star": 1.5522212413493384,
        "valjean": 1.536567977037853,
        "cosette": 1.532163589008085,
        "strong": 1.5271924468578162,
        "life": 1.5196165759174105,
        "sweet": 1.5158155949206011,
        "alone": 1.508359439699068,
        "poor": 1.507390007901527,
        "dorian": 1.5025904736247377,
        "shadow": 1.501816287912095,
        "darkness": 1.4956377129829708,
        "fire": 1.4876287873179783,
        "earth": 1.4818319134579405,
        "ever": 1.4708058600030354,
        "pain": 1.4312058403879724,
        "beneath": 1.4309507444557563,
        "dread": 1.3951775312037582,
        "thought": 1.3928601442425472,
        "happy": 1.3663546960380042,
        "stand": 1.3556141972545206,
        "world": 1.353727087710255,
        "call": 1.3528029348115163,
        "give": 1.329695858855164,
        "horror": 1.3226333186086865,
        "husband": 1.320788832901373,
        "enemy": 1.311906912015628,
        "sun": 1.3024725262657695,
        "death": 1.3008107196124377,
        "every": 1.227611556394591,
        "resumed": 1.2130838564297526,
        "jean": 1.1826151713175004,
        "seemed": 1.1535581593860467,
        "shall": 1.131438289648471,
        "gloomy": 1.1299882406662904,
        "upon": 1.0952129632161325,
        "terror": 1.0901689225529052,
        "though": 1.071122336089047,
        "high": 1.027823182666264
    }
}