{
    "violent": {
        "effort": 5.632714607115008,
        "passion": 4.977450745030385,
        "produced": 4.464912072242902,
        "vessel": 3.998719361784036,
        "effect": 3.811440793591456,
        "emotion": 3.12750029038968,
        "state": 2.228989512026349,
        "made": 1.0005059812580508
    }
}