{
    "woman": {
        "canteen": 7.187152201344579,
        "workroom": 6.661083389676991,
        "revengeful": 5.924117795510785,
        "prostitution": 5.116762873453182,
        "sainted": 5.049648677594645,
        "branded": 4.808640578090849,
        "oudarde": 4.761846366611908,
        "magnon": 4.65109930110437,
        "chemise": 4.509080296231941,
        "presided": 4.509080296231941,
        "portress": 4.261152782788356,
        "jewish": 4.2162985470040955,
        "egyptian": 4.049648677594645,
        "tony": 4.027953606495325,
        "old": 3.899317709808723,
        "bob": 3.836654954260446,
        "vane": 3.78661427176085,
        "elderly": 3.7601420603996596,
        "bohemian": 3.7541927940684734,
        "jondrette": 3.736490792335014,
        "confiding": 3.6021897006234234,
        "fascinating": 3.4646861768734887,
        "hearted": 3.3703162262760897,
        "charming": 3.356433286221465,
        "young": 3.2768261614964693,
        "pretty": 3.263052315703838,
        "murdered": 3.261152782788356,
        "accuse": 3.2162985470040955,
        "vile": 3.1961973409475863,
        "beautiful": 3.1647843883161246,
        "sibyl": 3.089541404718157,
        "mme": 2.99180460302236,
        "men": 2.9161036929070914,
        "loved": 2.8906947939733354,
        "unfortunate": 2.844390603040051,
        "fantine": 2.8086405780908494,
        "coolly": 2.7811598416687424,
        "virtuous": 2.7757259556181144,
        "married": 2.7721147020657355,
        "milady": 2.7701123491545876,
        "nice": 2.74531464272202,
        "rattlesnake": 2.7435455498689643,
        "handsome": 2.7346399966470725,
        "waiting": 2.7311460573064053,
        "thenardier": 2.6990160869163513,
        "loving": 2.681261271614622,
        "poor": 2.6532828871741474,
        "alice": 2.6510993011043693,
        "woman": 2.621131264276883,
        "group": 2.5548839858450667,
        "costume": 2.5548839858450667,
        "child": 2.549123279250519,
        "dimmesdale": 2.5432960115698546,
        "elegant": 2.4559689597723793,
        "shilling": 2.421617454981602,
        "muttered": 2.421617454981602,
        "gypsy": 2.4057924878199195,
        "prynne": 2.3634028410363066,
        "dressed": 2.362923460722579,
        "housekeeper": 2.323213750920608,
        "bonacieux": 2.3192557373519245,
        "unhappy": 2.265906312758991,
        "jealous": 2.261152782788356,
        "scarlet": 2.2298566522988175,
        "love": 2.150405717280817,
        "ravensworth": 2.1427580819861256,
        "gipsy": 2.134040864885017,
        "demanded": 2.106068272656945,
        "tracy": 2.074452068595217,
        "murmured": 2.052173079010191,
        "mayor": 2.0496486775946443,
        "angel": 2.027953606495325,
        "lovely": 2.0204367563781567,
        "hester": 2.010120313408007,
        "working": 2.004459903828389,
        "propose": 1.9933804579478989,
        "weak": 1.9890073262548087,
        "vengeance": 1.9751017242295903,
        "twenty": 1.9031207142157456,
        "behalf": 1.901749982482331,
        "middle": 1.888493885780064,
        "widow": 1.8652241064572168,
        "miserable": 1.8437443790467654,
        "blind": 1.836654954260446,
        "dying": 1.836654954260446,
        "husband": 1.8354255591789022,
        "hag": 1.8272562562581964,
        "mercedes": 1.7975853895818539,
        "weakness": 1.7649192006615315,
        "beauty": 1.7556778122550618,
        "good": 1.7318249810400184,
        "fair": 1.7313019541142174,
        "ejaculated": 1.724445450674421,
        "affection": 1.7236907056711288,
        "instinct": 1.72117773684051,
        "gringoire": 1.7103385044790458,
        "peasant": 1.7017253741743374,
        "reginald": 1.6761902820671999,
        "mina": 1.6573312548158838,
        "two": 1.6551230231971605,
        "mother": 1.641078714017018,
        "wretched": 1.638715576648537,
        "honest": 1.6129161072164815,
        "cosette": 1.6107012004789405,
        "tried": 1.602189700623423,
        "hauke": 1.602189700623423,
        "big": 1.5830808776757186,
        "quasimodo": 1.5665657908927018,
        "particularly": 1.5587674203322945,
        "vow": 1.5502376209887014,
        "forward": 1.5432960115698542,
        "horrible": 1.50561644092837,
        "noble": 1.4569917850834875,
        "bad": 1.4363808076533426,
        "adeline": 1.4276919693912866,
        "antonia": 1.42586692798296,
        "wife": 1.4167297200719697,
        "girl": 1.4145626974476517,
        "always": 1.3988615409138971,
        "sister": 1.3492089594535521,
        "quality": 1.3232137509206077,
        "monk": 1.3159656674177396,
        "wept": 1.3143234418096938,
        "dress": 1.310300432117444,
        "face": 1.3091898733903415,
        "bill": 1.2996269306029917,
        "handkerchief": 1.2754606194722395,
        "cried": 1.2698795872089397,
        "continued": 1.2624625377951448,
        "man": 1.2604608664114045,
        "sure": 1.2554691442847736,
        "madame": 1.254266397203116,
        "javert": 1.2485527460087225,
        "dick": 1.2469854508617622,
        "ashton": 1.2385513538512236,
        "queen": 1.2324084824742292,
        "added": 1.2287313050959787,
        "hide": 1.2144595473403146,
        "seated": 1.1853499587105936,
        "carried": 1.1773490263142206,
        "perfectly": 1.162566563066306,
        "like": 1.1615527620979431,
        "unknown": 1.155933470733859,
        "replied": 1.147311936812788,
        "hideous": 1.1202019574199524,
        "french": 1.109420898112013,
        "said": 1.1083313957793166,
        "charm": 1.0996893600942397,
        "aramis": 1.0768366890404224,
        "know": 1.074785678272016,
        "mercy": 1.0744520685952168,
        "hepzibah": 1.0529312615839455,
        "town": 1.0473085391401278,
        "musketeer": 1.0236534690616998,
        "neck": 1.0149390233069966,
        "village": 1.0103735288612044,
        "awful": 1.0092344091487362,
        "whose": 1.0060496505907814,
        "marius": 1.0034010450352506,
        "servant": 1.0012856560332453
    }
}