{
    "god": {
        "thank": 5.86729742415896,
        "almighty": 5.289530424842009,
        "sake": 5.0426156843714915,
        "bless": 4.666600073921832,
        "grant": 4.637745211249647,
        "god": 4.512500039641202,
        "gracious": 4.162557568584243,
        "dost": 4.038568851308789,
        "conceive": 4.038568851308789,
        "th": 3.9885281688091947,
        "help": 3.804103597671767,
        "ye": 3.761459260263273,
        "glory": 3.685459101173148,
        "praise": 3.6422159152948725,
        "angel": 3.5561760842281815,
        "mortal": 3.515534099730835,
        "great": 3.439531165375911,
        "good": 3.4227492246492117,
        "exclaimed": 3.3830673577714796,
        "thou": 3.3795173714206657,
        "oh": 3.0711832155635093,
        "triumph": 3.049216095508298,
        "strength": 3.0019103807299414,
        "proud": 2.996748675614162,
        "man": 2.9365311527800557,
        "men": 2.909285834363823,
        "soul": 2.698170152922702,
        "done": 2.696415728357393,
        "er": 2.5791372326714925,
        "nature": 2.5732495975871226,
        "earth": 2.515006895251777,
        "know": 2.406887375480167,
        "rest": 2.389066098392923,
        "alone": 2.3116677119821616,
        "heaven": 2.2633943350003354,
        "like": 2.1260316925591294,
        "antonia": 2.1125694327525664,
        "world": 2.0910362712029253,
        "thy": 1.9699486162704474,
        "cried": 1.9340129202661998,
        "think": 1.9054806180468487,
        "say": 1.8766446999411102,
        "shall": 1.7089463646314265,
        "ever": 1.6818131678683388,
        "half": 1.6698826579111332,
        "le": 1.6530024705211095,
        "mother": 1.6449050028225125,
        "reason": 1.5810672597698918,
        "make": 1.5193741207386537,
        "indeed": 1.4904431187680047,
        "voice": 1.4866214078155964,
        "lorenzo": 1.3578473677822027,
        "see": 1.3512446329579555,
        "power": 1.2742826511430716,
        "life": 1.2362742467538028,
        "yet": 1.2037658710636945,
        "said": 1.1631356872218683,
        "terror": 1.1373470057869632
    }
}