{
    "earth": {
        "diameter": 5.988877727429345,
        "trod": 5.656302388342474,
        "area": 5.300821733744085,
        "surface": 4.806817400128115,
        "heaven": 4.2939499264317265,
        "sky": 4.292554117760484,
        "orb": 4.1364349158432026,
        "asia": 4.071339887621318,
        "inhabitant": 3.8209330901152727,
        "loose": 3.69937111023436,
        "dew": 3.503450900259103,
        "plague": 3.079851387476835,
        "permitted": 3.037787327910291,
        "green": 2.9108752154280717,
        "moon": 2.8083054817875235,
        "behold": 2.692828264367588,
        "earth": 2.6879405294579555,
        "visible": 2.619643917763626,
        "apparent": 2.596560304650584,
        "wide": 2.5525297219050884,
        "box": 2.3175004748907155,
        "flower": 2.2012860601931705,
        "spirit": 2.1669407983153337,
        "where": 2.1364349158432026,
        "of": 1.9676612415196486,
        "air": 1.9097590103117421,
        "beauty": 1.5674139589910678,
        "end": 1.3615014714779758,
        "dead": 1.329533030385612,
        "spot": 1.270059479973398,
        "become": 1.1999600536284167,
        "longer": 1.1847979374046014,
        "o": 1.1386561557598809,
        "whole": 1.098106797184103,
        "the": 1.0324854354486612
    }
}