{
    "man": {
        "pratty": 6.941877350981151,
        "peacefu": 6.678842945147356,
        "sabbee": 5.941877350981151,
        "guernsey": 5.941877350981151,
        "resurrection": 5.874015321823334,
        "billettes": 5.356914850259994,
        "pho": 5.356914850259994,
        "fooled": 5.134522428923546,
        "iven": 4.652370733786165,
        "apostolic": 4.4824457323438525,
        "cadaverous": 4.356914850259994,
        "workus": 4.263805445868512,
        "meung": 4.204911756814944,
        "gentlemanlike": 4.034986755372632,
        "drowning": 4.021311818475555,
        "arsenic": 3.94187735098115,
        "deaf": 3.901613480767423,
        "young": 3.8687782849331325,
        "tripe": 3.693949837537564,
        "medical": 3.6650371456223256,
        "haired": 3.6370227694527295,
        "aischa": 3.6199492560937876,
        "sadder": 3.6199492560937876,
        "gouty": 3.6199492560937876,
        "godlike": 3.56336572772742,
        "ordain": 3.56336572772742,
        "wounded": 3.5406721248818758,
        "transfigured": 3.5089179437050437,
        "humbug": 3.4824457323438525,
        "honest": 3.4528037713094277,
        "savagely": 3.3569148502599937,
        "cripple": 3.3569148502599937,
        "gruffly": 3.3569148502599937,
        "bearded": 3.3304426388988024,
        "blouse": 3.3044474303658586,
        "old": 3.2854192589745748,
        "tall": 3.2742162795732863,
        "gentlemanly": 3.269452009009654,
        "cudgel": 3.2638054458685124,
        "brutally": 3.2638054458685124,
        "unprincipled": 3.1946434213611163,
        "moll": 3.134522428923546,
        "ony": 3.0349867553726315,
        "honorable": 3.0293401922314898,
        "myriel": 2.987681040594275,
        "benstead": 2.9645974274812334,
        "immortal": 2.9632510017737173,
        "buffer": 2.947523914122292,
        "mint": 2.912130007587098,
        "pal": 2.912130007587098,
        "intrepid": 2.9062534412504286,
        "tyke": 2.871488023089752,
        "sallow": 2.8544145097308107,
        "drily": 2.8544145097308107,
        "sensible": 2.8282205691855826,
        "harclay": 2.826400133561214,
        "hired": 2.8125943340361834,
        "dying": 2.8081989157491805,
        "deacon": 2.7719523495388376,
        "cracksman": 2.7630741981923848,
        "wise": 2.7362733740610192,
        "mantle": 2.7288836276469515,
        "dive": 2.709216594190875,
        "assassinated": 2.7048381536803006,
        "flathers": 2.6939498375375646,
        "sick": 2.6841853668220215,
        "brave": 2.6598419832173,
        "scrutinized": 2.649095601753304,
        "avaricious": 2.6199492560937876,
        "balustrade": 2.56336572772742,
        "stout": 2.5495599282023895,
        "elderly": 2.540997914698966,
        "accosted": 2.5223384594673655,
        "damnation": 2.5156125962790523,
        "sovereignty": 2.5156125962790523,
        "mysell": 2.5156125962790523,
        "ole": 2.508917943705044,
        "stature": 2.49256994961756,
        "faced": 2.4731078677645164,
        "tony": 2.460750661244534,
        "gines": 2.4564505238109082,
        "suffices": 2.4500242546514754,
        "nae": 2.4231485486600803,
        "bragelonne": 2.418315394924137,
        "growled": 2.418315394924137,
        "compeyson": 2.40582445074094,
        "genius": 2.4007310825524835,
        "ruined": 2.3711287094796947,
        "murdered": 2.366565020293713,
        "wretched": 2.36179707163974,
        "drunken": 2.333068108305626,
        "blind": 2.3255018976285324,
        "handsome": 2.312331487766109,
        "condemned": 2.2908256598022216,
        "montparnasse": 2.2734988420723563,
        "bethune": 2.269452009009654,
        "bildad": 2.260053311007405,
        "cloak": 2.2414376328400576,
        "hearted": 2.234295563596038,
        "dikemaster": 2.2335324347547116,
        "amiable": 2.2291593030616212,
        "rich": 2.2208420647850327,
        "respectable": 2.19523384291259,
        "anthony": 2.194643421361117,
        "hanged": 2.194643421361117,
        "tempered": 2.1781116974712287,
        "lighter": 2.1724902791225666,
        "clever": 2.1708185581465362,
        "mask": 2.1692878470842225,
        "digger": 2.164269772317598,
        "grime": 2.1605176374564903,
        "mortal": 2.1605176374564903,
        "benwick": 2.134522428923546,
        "immortality": 2.1198756529591445,
        "cromwell": 2.115906750756199,
        "unhappy": 2.0941751426277944,
        "mused": 2.0938804444262002,
        "gallows": 2.0894345393950076,
        "recognizing": 2.083896355853578,
        "villany": 2.083896355853578,
        "suffers": 2.0592343016193086,
        "orlick": 2.0592343016193086,
        "unfortunate": 2.058391359707575,
        "bayonet": 2.0543520802395627,
        "backed": 2.0349867553726315,
        "barrois": 2.01904521150361,
        "vampa": 2.01904521150361,
        "brings": 2.009564158492725,
        "poor": 2.0086954575537037,
        "martin": 2.0032778956452932,
        "walberg": 2.0032778956452932,
        "dead": 1.9972318333772134,
        "astounded": 1.997018905173611,
        "bossuet": 1.997018905173611,
        "tomlinson": 1.9854666195288329,
        "worthy": 1.9784032270062641,
        "enjolras": 1.9588837762868399,
        "bald": 1.94187735098115,
        "tidkins": 1.9306500955578958,
        "creator": 1.9239554429838874,
        "coolly": 1.922683785747839,
        "philippe": 1.9195095379526954,
        "lovel": 1.8926338319613007,
        "recognize": 1.8897888398326959,
        "avarice": 1.8829836619275817,
        "humane": 1.8757881605233775,
        "serving": 1.8733976130983834,
        "desperate": 1.8659284977478514,
        "excellent": 1.8594151907891772,
        "thirty": 1.856649514114119,
        "ibrahim": 1.8544145097308107,
        "kicked": 1.8544145097308107,
        "gallant": 1.8544145097308107,
        "ejaculated": 1.8512748022002432,
        "agreeable": 1.8448029149465193,
        "rejoined": 1.8397304639736975,
        "appalled": 1.8333528942029809,
        "holy": 1.8217053847359372,
        "wonderful": 1.818100810342727,
        "auld": 1.796199895785515,
        "avrigny": 1.795035962651879,
        "emmanuel": 1.7880720149021145,
        "axe": 1.7834479883766672,
        "starbuck": 1.7719523495388378,
        "destiny": 1.7719523495388378,
        "blest": 1.7719523495388378,
        "dressed": 1.760547586266588,
        "theme": 1.7596740197604008,
        "whose": 1.755446541570825,
        "cartridge": 1.7520527921011328,
        "peleg": 1.7520527921011328,
        "leblanc": 1.7520527921011328,
        "bulwark": 1.7520527921011328,
        "god": 1.749659270123852,
        "scorn": 1.7477628839717667,
        "wisdom": 1.7465297526589307,
        "principle": 1.7367629210765374,
        "hump": 1.7246466347604807,
        "creation": 1.7175045655164611,
        "kill": 1.7164572369471338,
        "lame": 1.7130586604852691,
        "looking": 1.710377070417884,
        "roger": 1.7066608892871185,
        "sinister": 1.703472611656071,
        "tristan": 1.6939498375375646,
        "emerge": 1.6939498375375646,
        "capable": 1.6835143848712537,
        "hermann": 1.6750908102862487,
        "wery": 1.6750908102862487,
        "forty": 1.667902479316715,
        "upright": 1.6665993493926088,
        "signified": 1.6638926036813848,
        "skilligalee": 1.6638926036813848,
        "fool": 1.6605912405911338,
        "raffle": 1.6564751321189017,
        "killed": 1.6564751321189017,
        "born": 1.6540110921674207,
        "thenardier": 1.6387731303854427,
        "loved": 1.6368230746581836,
        "tyrrel": 1.6199492560937878,
        "angel": 1.6199492560937878,
        "pleasing": 1.6086042824997784,
        "attach": 1.6055939631167175,
        "agent": 1.6048423637035791,
        "good": 1.6045740302068718,
        "talent": 1.6027399660615644,
        "shabby": 1.6020273480965252,
        "marche": 1.5913801038970168,