{
    "woman": {
        "canteen": 7.212964589187864,
        "workroom": 6.686895777520276,
        "revengeful": 5.212964589187864,
        "prostitution": 5.142575261296466,
        "sainted": 4.891036494300502,
        "oudarde": 4.787658754455193,
        "magnon": 4.676911688947655,
        "branded": 4.59629322873937,
        "elderly": 4.593444866430339,
        "poole": 4.490498564716773,
        "chemise": 4.490498564716773,
        "jewish": 4.212964589187864,
        "tony": 4.05376599433861,
        "portress": 3.8624673421037308,
        "vane": 3.7693579377122495,
        "jondrette": 3.7623031801782987,
        "presided": 3.753532970550567,
        "bohemian": 3.753532970550567,
        "old": 3.719861565741989,
        "bob": 3.702002669910485,
        "egyptian": 3.4333546576131644,
        "young": 3.4319261051240386,
        "ingram": 3.3490261387638927,
        "married": 3.26912848548586,
        "beautiful": 3.262840495827434,
        "lovely": 3.2037851624134683,
        "middleton": 3.108627929373128,
        "ferrars": 3.0430395877455516,
        "virtuous": 3.0394817683323625,
        "men": 3.0358653129913247,
        "pretty": 3.0301774368085024,
        "charming": 3.0113307280182133,
        "fascinating": 2.9988397838350167,
        "mme": 2.9988397838350167,
        "sibyl": 2.9864560593791842,
        "confiding": 2.9499301833540703,
        "vile": 2.848392156892008,
        "fantine": 2.834452965934134,
        "loved": 2.825941466078617,
        "amiable": 2.8221746361556974,
        "marry": 2.812757894834815,
        "milady": 2.7959247369978724,
        "rattlesnake": 2.758788696002062,
        "woman": 2.7302521467146583,
        "thenardier": 2.724828474759636,
        "hearted": 2.6804695083608436,
        "higgins": 2.6769116889476545,
        "pleasing": 2.6541318202913615,
        "weak": 2.638055753130631,
        "murdered": 2.637652258500427,
        "alice": 2.628002088466708,
        "sensible": 2.5779614059671125,
        "dimmesdale": 2.5691083994131394,
        "reign": 2.5348926840752264,
        "accuse": 2.499268774344505,
        "foolish": 2.461643702044588,
        "instinct": 2.451679315826245,
        "costume": 2.435357010524312,
        "poor": 2.4348917000732895,
        "child": 2.425803240001452,
        "prynne": 2.3892152288795914,
        "gypsy": 2.3800745750231225,
        "bonacieux": 2.3450681251952092,
        "beck": 2.3411209406785463,
        "unfortunate": 2.3169876537310925,
        "noun": 2.2964879447501474,
        "handsome": 2.282416469940009,
        "cornelia": 2.2311119358981233,
        "preference": 2.1950426811906016,
        "waiting": 2.178748873849951,
        "ravensworth": 2.1685704698294104,
        "love": 2.1617203105631693,
        "tracy": 2.091949188226498,
        "group": 2.087433707104005,
        "shilling": 2.0689182195711573,
        "raymon": 2.0494658569049844,
        "hester": 2.035932701251292,
        "scarlet": 1.9650370757442785,
        "mayor": 1.94993018335407,
        "dressed": 1.9087780766877689,
        "gipsy": 1.8910364943005018,
        "mercedes": 1.8233977774251382,
        "hag": 1.8160744366192796,
        "murmured": 1.8153722243684292,
        "good": 1.805271940522188,
        "nice": 1.7766694693485012,
        "honest": 1.7575741357724304,
        "twenty": 1.7437297955202082,
        "gringoire": 1.7361508923223306,
        "indiana": 1.7361508923223306,
        "muttered": 1.7189757485141983,
        "dying": 1.7147137216600385,
        "coolly": 1.7083441967843114,
        "reginald": 1.7020026699104847,
        "angel": 1.6983914163581055,
        "demanded": 1.6925423406614184,
        "ejaculated": 1.689402633130851,
        "mina": 1.6831436426591688,
        "housekeeper": 1.656330811525202,
        "cosette": 1.6365135883222253,
        "hauke": 1.6280020884667077,
        "quasimodo": 1.5923781787359865,
        "two": 1.570375712497219,
        "vengeance": 1.5399107588418512,
        "brooke": 1.537713203137605,
        "man": 1.533165489951721,
        "blind": 1.5125248710467718,
        "independent": 1.506986687505342,
        "unhappy": 1.50661823008005,
        "paul": 1.501469682537776,
        "world": 1.4941463417319172,
        "care": 1.4568349904854334,
        "slave": 1.4554079002484113,
        "fortune": 1.4316048756632045,
        "affection": 1.4278624739773877,
        "vow": 1.3851455645705444,
        "middle": 1.375021347296837,
        "antonia": 1.3649676826329138,
        "behalf": 1.3599670015745475,
        "looking": 1.33655926744716,
        "jane": 1.3240474273196048,
        "like": 1.320865046261792,
        "elegant": 1.309926319074952,
        "girl": 1.2959031078902141,
        "quality": 1.2917187006022754,
        "javert": 1.2743651338520072,
        "ashton": 1.2643637416945082,
        "fair": 1.2616038448650793,
        "always": 1.2599322119346248,
        "jealous": 1.2541219139446238,
        "widow": 1.2494904652129781,
        "hard": 1.2421109348473804,
        "loving": 1.2402719351835991,
        "fine": 1.23990441638378,
        "monk": 1.200991947521788,
        "never": 1.1949223412780416,
        "miserable": 1.183217245793812,
        "dick": 1.1773406794571426,
        "sure": 1.1773406794571426,
        "weakness": 1.1714879532117048,
        "horrible": 1.156959179459122,
        "propose": 1.1555143170039641,
        "working": 1.1460143452632372,
        "exclaimed": 1.1202887520546085,
        "asked": 1.113085457703917,
        "society": 1.1095111219571172,
        "happy": 1.1086279293731285,
        "aramis": 1.102649076883707,
        "julie": 1.0886364541856624,
        "bill": 1.087219036314101,
        "hepzibah": 1.0787436494272304,
        "musketeer": 1.0494658569049844,
        "replied": 1.047112631336931,
        "husband": 1.0454163511181847,
        "sister": 1.0426064110298248,
        "united": 1.036641816547401,
        "marius": 1.0292134328785354,
        "regarded": 1.02709804387653,
        "face": 1.0170920881707914,
        "kind": 1.0104833300256337,
        "madame": 1.009092255822214,
        "handkerchief": 1.0081978385332508,
        "oh": 1.0048487036060871
    }
}